title_lem,description_lem
recommended story blockchain,
gelios thread contest share knowledge win,let raise awareness gelios
implementing blockchain rust,article provides stepbystep breakdown implementing basic blockchain rust initial setup block structure
avail deploy appchain using madara karnot,clash node testnet
ire airdrop update part,bid farewell first phase airdrop campaign dedicated early supporter ire ecosystem nothing
search lost key,blast past article think appropriate given new year nearly upon u satoshi nakamoto launched
trading strategy could make rich make money newly listed coin binance,every week new token listed various crypto trading platform offering opportunity interested day trading swing
accidentally x rent money one day thanks ai elon musk,there one thing thats certain crypto large degree information asymmetry recent lifechanging coin like
highlight messaris epic crypto thesis part,published december clocking page increase thesis messaris crypto thesis imho
pryzm airdrop stepbystep guide qualify pryzm airdrop airdrop ninja,going article ensure good adding article list future reference
using blockchain verify email address sound pretty smart,blockchain logical easytouse solution verifying identity email address like idea using proton
january roundup february preview,january full momentum phenomenal update cryptopia investor bringing many new member series exciting
geopoliticus adult watching death old man,contemporary political situation implication future
let see sandwich bot really work,edge mev market
web failure predicted marketing,billion marketing dollar sometimes arent enough cause vibe shift
spacemesh smh people coin,spacemesh exploration
balanceai weekly report,weekly report february
nfts future token,least surprising news ever nft project worthless
run berachain node,minute
shouldnt trade eyeball crypto,could possibly go wrong
avail deploying first dymension rollapp pt,four week ago successfully set avail node unfortunately missed opportunity become official validator
storyfire ambassador program leaderboardbased reward,overview ambassador program
internet still wide open,internet far open creative often portrayed overflowing fact thats wonderful here
bera era begun,happy day arrived rejoice one youre reading berachain public testnet artio live
dimecoin staking explained dimecoin network,overview
decentralized dispute resolution,courtroom blockchain ddr intersection decentralization justice
patch nots rubxz posh protocol,patch note
aint think language think,week ago talking michal lead security engineer resonance security planning discus
saga mainnet technical launch plan,hello saganauts
secure token bitcoin cash bch airdrop open,looking get bitcoin cash bch airdrop dappradar learn secure bitcoin cash bch airdrop comprehensive guide
towards defensible infinite scale,rise protocolbased model
sttia expansion stride expands modular ecosystem hyperlane,excited announce stride premier liquid staking hub collaborating hyperlane expand sttia modular
syscoin superdapp ai revolution,sys lab massively capitalising explosive growth ai find article theyre big
web series story blockchain,important understand growing phenomenon starting upend business world
earn v leveling crypto airdrop hunting,new portal efficient search crypto airdrop launched earn v free use let find
mint nfts programmatically,article youll learn mint nfts programmatically using alchemy pinata solidity knowledge
depin next big crypto narrative,cryptocurrency industry blockchains whole still infancy looking true productmarket fit though weve
hero mavia airdrop eligibility tutorial,
pixelated party nfts,technology fully toxic
crypto explode reason,today next big thing coming way crypto market
ride hottest crypto narrative strategy portfolio included,token invest everyone telling get project here easy plan capitalize
privacy web,exploration different conception approach privacy web
mangata finance stepbystep guide node setup,connecting ecosystem mangata finance vision omnichain liquidity
mavia token airdrop biggest airdrop going,
nfts finally usecase sewer game bad poop joke,money flush toilet one
unique crypto project youve got check,influencers pumping bag pump bag project breaking mold
join moca confirmed airdrop must join backed animoca okx,let start blog
account abstraction new shiny object crypto,advantage worth tradeoff
ait join bittensor neural network shaping decentralized ml,bittensors overview
free resource learn blockchain defi development,diving blockchain defi development exciting yet sheer volume resource overwhelming want cut
handson implementation raft algorithm typescript,powerful tool achieving consensus distributed system
setup taiko node holesky rpc client,guide cover configuration freshly installed vps server ethereum holesky rpc client holesky rpc client
implementation merkle tree inclusion proof,blockchains store transaction data blockchains immutable
going back root crypto sum thought future,odyssey released going back root im literally sitting listening trying figure sum
rmm v public launch,many month work proud disclose official launch rmm v
depin dat project cyber security solution benefit society,today digital age many cyber attack security becoming increasing concern increase data leak malicious
binances billion backed youre probably asking wrong question,crypto industry obsessed figuring digital asset actually backed anything careful
understanding ibgt future liquid staking berachain,berachain evmcompatible layer blockchain feature unique proofofliquidity pol sybil resistance mechanism designed
bitcoin rjs newsletter february,stay ahead market week newsletter
many web startup,week pitchbook published latest emerging tech indicator eti report track early stage investment activity amongst
bitcoin basic chapter,financial chaos
gnodesk week feb,gnoland ecosystem update st week february
rational optimism crypto,march th nasdaq composite index hit time high signaling peak dotcom bubble growing x
layerzero v deep dive,everything need know v architecture trust assumption tx lifecycle
usm metaverse available magic square,raca pleased announce usm metaverse available magic square immersive discovery engagement platform web
learn blockchains building one,fastest way learn blockchains work build one
monolithic v modular,second article fuelet series modular blockchains fuel specifically read intro modular blockchains
urgent join synth early adopter ending hour,
web bb using ux research inform blockchain solution,bb industry likely going impacted first blockchain application here use ux research inform right
phoenix protocol exciting new quest gmee token holder,thrilling new adventure awaits gmee token holder epic quest ton reward offer community
founder node governance proposal referral incentive system ecosystem usage,spirit fostering innovation collaboration within gala founder node ecosystem new proposal presented
bar edge metaverse,built learned whats next fin beach bar back patio
earn native yield layer blast testnet early access,founder blur pacman recently launched blast layer solution born need ensure yield eth
monoswap testnet blast ecosystem,hiring best one blockchain network
crypto winter become crypto ice age,another big player collapse trust eroded
ethereum price prediction,eth price prediction
interchain building internet blockchains,learned discussion interchains managing director maria gomez
collapse ftx fault cryptocurrency bad business model,fraud fraud matter done cryptocurrencies fiat currency
unblock manifesto,correcting innovation mindset web
puri brief guide,quick overview puri project came currently announced plan
blockchain scalability problem race visalike transaction speed,yes blockchain scalability problem here here people solve
amazing crypto website apps beginner investor number blow mind,hello whether youre investor trader several website mobile application make crypto journey
hero mavia mavia token hero mavia mavia airdrop full guide claim coin airdrop,
decentralization matter,weve forgotten there better way build internet service
zksync airdrop leak libertas omnibus nft usecase unveiled,potential leak indicate zksync planning something special adding fun twist airdrop creating entire
master guide buy crypto,discover method purchase crypto learn everything need know
resolution bitcoin experiment,ive spent year bitcoin developer software ive written used million user hundred
berachain testnet honey ready,honey ready embark beary special journey
vechain vet airdrop eligible stepbystep guide claim,
logan paul nft collection worth million lost value,he another owner nfts worth essentially nothing
breaking boundary lumistakes latest upgrade reshape staking landscape,sharenewsio editorial team
morphys origin aspiration,morphy symbol represents creative adventurous spirit morph
metaverse le anonymous think,cooky advertiser common place web know metaverse brand look soul
exploring potential time token,image credit bushra
crazy crypto miner,true story went allin mining cryptocurrencies first gold rush bitcoin
gainspad tier system work,youll need stake least gain chance invest one ido
get power ledger powr airdrop guide,
time burned player house ultima online,ultima online celebrating th anniversary know mean right story time
v use case cluster layerzero,chain wallet one name live v
blockchain beyond bitcoin next generation application,exploring blockchains vast potential beyond bitcoin finance healthcare energy unlocking revolutionary application
crypto correction show market working,jamil n jaffer nsi founder executive director john poulson nsi public policy government relation manager
drex gringo,brazil money scene getting massive shakeup central bank brazil throwing curveball new thing called drex
bringing real world blockchain redstone oracle,introduction magic oracle
life exist blockchain,leveraging web technology possible first time ever digitally recreate condition necessary process
bitcoin halving,halving work needed
coldstack partner inery blockchain,dear community member thrilled announce exciting partnership inery blockchain
im robot,case authenticating human reclaiming identity defending swarm coming bot web answer
crypto retirement plan january update,end shared strategy retiring crypto coming year
claim xdbee game honey airdrop stepbystep guide enabling trustline,everevolving landscape blockchain cryptocurrencies unique opportunity frequently emerge captivating community one
make decentralized apps dapps userfriendly,feel celsius three arrow babel finance whoever next floater happens
beginner guide web,web simply put next generation internet departure way used experiencing online world unlike
stake autocompound dymension yieldmos,table content
desocs dark heart,desoc talk dark element proposed
launch rentspaces nft collection minimalistic villa,rentspace nextgeneration property rental platform looking get nft space offer new digital asset community
unlock future crypto jobfy innovation meet opportunity,pioneering decentralized employment solution crypto blockchain revolutionize career path enhanced transparency
twitter public ledger,yes yes may musk want
five reason solana profitable ethereum,even though still prefer eth least
toncoin ton airdrop insider unlocking hidden potential crypto,want get toncoin ton airdrop dappradar youre right place popularity airdrop continues soar
adam neumann elevate world blockchains,comeback tour start goddess nature token
top token make million dollar,everevolving world cryptocurrency tale astronomical gain lifechanging investment echo year stand
unlocking future cryptocurrency prediction federated learning revolution federal ai,enter federated learning fl distributed machine learning strategy poised revolutionize cryptocurrency price prediction
myth renewable bitcoin,pushing bitcoin towards renewables unlikely help anything
enabcde invest bitmaptech,february rd bman
introducing smax,solana max programmed max level euphoria
terrausd stablecoin lunacy explained,sound good true probably good true
create onchain farcaster frame,turn cast decentralized interactive app
meet ethernity team jakub pyzik,want get know u
economist dont like bitcoin part ii,let take look good reason
easy way make money online cloud mining per day sunminer withdrawal proof,hey must know title article talk show withdrawal proof sunminer cloud
meet terfs,ever wondered exactly terf gendercritical terf rabbit hole go much deeper controversial
blockchain web user interface suck,web grumpiness web hubris contributing terrible user experience cutting edge tech
blockchain software architecture perspective,blockchain buzzword time topic generate strong reaction think solves byzantine
hero mavia crypto qualify instruction get airdrop,
smart contract way dumber think,uncovering bad engineering behind smart
agix token enabling anyone participate future ai,singularitynets agix utility governance token provides opportunity anyone shape rewarded growing ai landscape
data onchained,meld selfsustaining l blockchain solution novel nodeincentives model uxfocused block explorer multiple oracle
jack dorseys firsttweet nft listed million lost value,buying selling sake buying selling
crypto game never thing,emerging technology vrxr artificial intelligence metaverse blockchain
checkdot devnet,checkdot devnet unexpected journey
modern grifter golden age fraud,crypto creating next batch unhinged netflix crime series
evernode become pioneering host,evernode overview
alt token airdrop get free alt,
six idea rescue higher education,nimbyism killing opportunity younger folk here could fix
monaco predictive market protocol deep dive,
playtoearnpe game,photo pixabay
buying milliondollar digital real estate make sense,despite boom digital real estate buying digital land million doesnt make sense infinite digital
redbelly community program work earn rbnt coin,introduction
web piece cake l v subnets,princess asked best avalanche layer solution cant longer ask question killed
understanding zeroknowledge proof source code tornado cash,dive world smart contract zeroknowledge proof
top depin project bring web mainstream,depin decentralized infrastructure network become one hottest trend web year collapse
unlock free terra classic lunc airdrop claiming strategy revealed,want get terra classic lunc airdrop dappradar youre right place popularity airdrop continues
nfts arent stupid think,theyre much much stupider investing like
top cryptos best potential,cryptocurrency market evolves new investment opportunity emerge creating excitement among investor today
erc ethereum blockchains path nft liquidity accessibility,ethereum leading smart contract platform forefront innovation providing fertile ground creation
great blockchain,origin story reformation tell u future cryptocurrency blockchain technology
top legit site get paid udemy course free,free udemy course download
airdrop claim,crypto market correction airdrop active information three actual airdrop three became available
first milestone coti v development achieved,written dr avishay yanai dr nir haloani
jupiter solana airdrop qa everything need know,buzz around jupiter solana airdrop there thing need know weve found answer commonly asked question
combination technology promoted raca potential impact society,
exploring palau digital residency program,perk digital resident palau
eigenlayer airdrop get today,
retik finance renq finance tale two scam,retik finance team came response article questioned token legitimacy response refer
cardano ada token airdrop comprehensive tutorial,
unveiling apebond launchpad,thrilled announce groundbreaking development apebond ecosystem introduction launchpad
year technological progress,accumulate core committee pleased present review accumulate protocol
awesome onchain investigation handbook,blockchain technology unlocked new era digital innovation offering unprecedented opportunity possibility however
get dymension dym airdrop complete tutorial,
morph testnet go live join u setting new standard consumercentric blockchain,thrilled announce launch morphs public testnet transformative layer blockchain solution designed redefine
intro smart contract auditing,
embracing future gaming solana next destination blockchain game development,hey fellow game developer blockchain enthusiast
fast testnet blast airdrop,environment need careful link fake website
erc token ethereum network,vitalik buterin launched ethereum setting opensource framework dedicated development decentralized
sodark platform intro,first tool atlas subber alphabot weve created thirdparty platform manage giveaway discord
hero mavia mavia airdrop claim full guide,
merkle trade incentive overview trading season,tldr
staking reward guide work x genesis nft,
nibiru chain airdrop massive airdrop live,
swan chain layer op superchain built ai computing,artificial intelligence ai blockchain two disruptive transformative technology time field
eos eos airdrop strategy claim today,curious obtaining eos eos airdrop using dappradar delve process acquiring eos eos airdrop advantage
koii node featured binance potential passive income tier exchange mainnet q,put computer work get paid support organization care
batman meme token community crypto champion,amazing world cryptocurrencies batman stand meme token beacon community strength empowerment
web web work guide beginner,blog comprehensive guide beginner understand basic web work learn best implement
claim free chainlink link airdrop join revolution,want get chainlink link airdrop dappradar youre right place popularity airdrop continues
community call let build supervillains together,lucas cofounder supervillain lab outline vision new venture connection entertainment shift
dymension dym airdrop massive airdrop live,
run,update vps executing following command
chavinci network,layer ecosystem created bring blockchain technology enduser
solidity v rust programming language choose web apps,today tech landscape one overlook importance blockchain technology growing popularity practicality
daos action case study successful decentralized governance,previous blog explained daos daos operate benefit getting involved link previous blog
sodark value,complete explanation sodark project
grant program update january,monthly status update sia grant program proposal
bitcoin end era documentary,bitcoin btc stop
beam beam airdrop claim easy,
announcing oev network zkrollup capture oracle extractable value,oev network onchain solution every dapp every chain recapture mev related oracle update
multibit mubi airdrop going claim tutorial,
major blockchain consensus algorithm explained,understanding different type blockchain consensus mechanism
fantom ftm airdrop massive airdrop live,
slashproof testnet live karak,future restaked secured slashproof
build ideal government ai blockchain distributed computing,article want tell ideal management state using digitalization automation process
alephim ultimate faq,frequently asked question alephim stakers node operator liquidity provider
unleash inner architect building future syntropy builder program,internet know face challenge centralized bottleneck lagging speed everpresent security concern
meld dev diary,hello welcome dev diary give peek behind curtain see making meldapp even better
rootdata web research report annual ranking,author rootdata
world important company worth risking peace,
stake lavita theta mobile wallet,staking lavita token help secure govern lavita theta subchain play critical role governance decentralization
blockchain solution state deepening legitimacy problem,
ethereum roadmap update preview eip proposal,ethereum roadmap update
gitcoin passport begun,seen news zksync added couple role guild obtained using gitcoin passport certain
scf recap,stellar community fund scf openapplication award program draw community input support developer startup
bluefin airdrop guide claim free crypto airdrop,bluefin airdrop represents promotional distribution bluefin network crypto token event target existing stakeholder
revolutionizing healthcare convergence ai blockchain daos,corridor global healthcare quiet revolution brew one promise redefine bedrock patient trust system
jupiter jup airdrop eligible tutorial get,
zksync era full guide update transaction,zksync era back gas fee suppose see gas take
warpcast join decentralized platform,cant read article firewall go read free
om token v migration stepbystep guide,migrate om token click
orchid token airdrop complete guide,enter airdrop page
gainspad lottery whitelist system,project get super hyped jumping tough everyone want piece cake
treasure airdrop tutorial claim magic,
pixelrealm roadmap,recap year whats ahead
swapmode revolutionizing defi concentrated liquidity real yield mode network,decentralized finance defi landscape evolving swapmode forefront transformation premier
powerledger powr airdrop strategy optimizing reward,exploring powerledger powr airdrop dappradar uncover process obtaining powerledger powr airdrop advantage
winees closed alpha testing reward program,thrilled announce overwhelming response early registration call winees closed alpha testing one week
unveiling mechanic aeroscraper neptune finance,
development plan slocobet kai,
secret site get instantcrypto online without risking anything,
migrate token megaland v,megaland migration started except mexc holder holder migrate token via official migration platform
january review unveiling tapestry impact,
run aleo node,stepbystep guide build deploy easily aleo node minute need code knowledge
bitcoin gold btg airdrop qualifying comprehensive tutorial get,
quai network energy based money st century,quai network evm compatible highly scalable secure layer blockchain designed fast low cost highthroughput
echo past skeuomorphic journey early internet web metaverse,dynamic realm technology certain design philosophy recur mirroring trend previous era one enduring concept
recap q roadmap,happened whats coming
pixelmon token airdrop strategie,
tezos xtz token airdrop full tutorial,
make million lowcap x altcoin,adding potential cryptocurrencies portfolio market take probably youre reading post getting
blockchain booming technology buzzword among techie nowadays let dive,smart contract set instruction executed decentralized way without need centralized thirdparty intermediary
unmasking mystery really track bitcoin,cryptocurrency
chronotechs time token traversing landscape recruitment defi,time token
welcome limonation app,hi welcome limoverse
edexa piece blockchain future,edexa blazing trail blockchain inviting join exclusive presale edx token early participation doesnt
starcoin testnet mining tutorial,facilitate user experience starcoin testnet created simple userfriendly mining program allows user
future finance glimpse beyond horizon,financial landscape undergoing metamorphosis stand precipice technological revolution driven innovation
navigating aleo blockchain comprehensive guide interaction remarkable funding,several whisper aleo team ambassador pointing possible launch aleos token q say
charting greener course building sustainable crypto future,cryptocurrencies born amidst promise democratizing finance revolutionizing transaction faced increasing scrutiny regarding
shelltrade ambassador program,earn month shell ambassador dyor
dawn new economy part,october caleb
solana airdrop claim free sol token instantly,solana airdrop event new token distributed free solana wallet holder giveaway incentivize participation
red flag watch phishing attack,recent report web security firm scam sniffer estimate phishing scam stole around million worth cryptocurrencies
dont care get sandwiched bigger thing coming mev,inner working mev industry shifting
mev bot mev bot making million,gray area defi bot frontrunning crypto investor squeezing profit
manta network airdrop claim free crypto airdrop,manta airdrop refers distribution token early adopter manta network eligible participant receive token
wallet reward simply using,yesterday marked beginning new airdrop initiative aimed increasing user adoption whilst rewarding strikex wallet user simply
nfts smart contract shaping defi ecosystem,decentralized finance defi landscape whirlwind innovation core smart contract selfexecuting code blockchains
singularitynet latest ecosystem update january,latest technology blockchain decentralized ai update include bgi bgi challenge supervisory council workshop deep fund
tokenization unveiling erc dual layer token standard,world tokenization transforming realworld asset tradable digital token seen explosive growth recent year however
symphony revolutionizing defi stability decentralization trust,introduction
farcaster hold hat serious fomo,im confident heard farcaster least covered quite extensively x however many
dydx airdrop,stepbystep guide claim dydx airdrop
beyond hype nfts still thing,nonfungible token nfts exploded onto scene captivating world dizzying headline eyewatering price tag
neo dead failing yes finally wake perhaps,neo one oldest blockchains one first support smartcontracts however find many people arguing
charting course foreon network updated roadmap tokenomics vesting schedule,today excited share progress journey far lie ahead
solana crypto airdrop claim free sol free token,
data ownership protocol dop,official binance confirmed airdrop
arbitrum crypto airdrop earn arb token free,arbitrum airdrop refers distribution free token user arbitrum network reward early adopter
restaking,second piece educational series staking significance blockchain ecosystem build
arbitrum airdrop check eligibility claim arb,arbitrum airdrop distribution free token user arbitrum network reward early adopter participant within
building blockchain scratch python,learn basic blockchain technology create blockchain python stepbystep instruction
berachain bera airdrop full tutorial claim,
vue composition api basic pattern,blog part engineering arcanum series written frontend developer shrinath prabhu
discover future sui empowering possibility,
