Title,Tag
"Recommended stories in ""Blockchain""",h2
Gelios Thread Contest: Share Your Knowledge and Win! üèÜ,h2
Let‚Äôs raise awareness about Gelios!,h3
Implementing a Blockchain in Rust,h2
"This article provides a step-by-step breakdown of implementing a basic blockchain in Rust, from the initial setup of the block structure‚Ä¶",h3
üåçAvail: Deploy an Appchain using Madara & Karnot,h2
Clash of Nodes Testnet,h3
$5IRE Airdrop Update: Part 1,h2
"As we bid farewell to the first phase of the airdrop campaign, dedicated just for early supporters of the 5ire ecosystem, has been nothing‚Ä¶",h3
In Search of Lost Keys,h2
"This is a ‚Äúblast from the past‚Äù article, which I think is appropriate, given that the New Year is nearly upon us. Satoshi Nakamoto launched‚Ä¶",h3
This Trading Strategy Could Make You Rich: How to Make Money with Newly Listed Coins on Binance,h2
"Every week, new tokens are listed on various crypto trading platforms, offering opportunities to those interested in day trading or swing‚Ä¶",h3
"When you accidentally 50x your rent money in one day, thanks to AI & Elon Musk.",h2
"If there‚Äôs one thing that‚Äôs certain in crypto, it‚Äôs that there is a large degree of information asymmetry. Recent life-changing coins like‚Ä¶",h3
"10 Highlights From Messari‚Äôs Epic ‚ÄòCrypto Theses 2024""‚Ää‚Äî‚ÄäPart 1",h2
"Published December 19, and clocking in at 193 pages (a 23% increase from 2023‚Äôs Theses), Messari‚Äôs ‚ÄúCrypto Theses 2024‚Äù is (IMHO) the‚Ä¶",h3
$PRYZM Airdrop Step-by-Step Guide: How to qualify for $PRYZM Airdrop by Airdrop Ninja,h2
"Before going into this article, ensure to yourself some good by adding this article to your list for future references.",h3
Using the blockchain to verify email addresses sounds pretty smart,h2
"Blockchain is a logical, easy-to-use solution for verifying the identity of an email address. Which is why I like the idea of using Proton‚Ä¶",h3
January roundup & February preview,h2
"January was full of momentum and phenomenal updates for Cryptopia investors, bringing with it many new members, a series of exciting‚Ä¶",h3
Geopoliticus Adult Watching the Death of the Old Man,h2
On the contemporary political situation(s) and their implications for the future,h3
Let‚Äôs see if our sandwich bot really works,h2
Do we have an edge in the MEV market,h3
Web3‚Äôs Failure Was Predicted By Its Marketing,h2
Billions of marketing dollars sometimes aren‚Äôt enough to cause a vibe shift.,h3
Spacemesh $SMH (The People‚Äôs Coin),h2
Spacemesh Exploration,h3
BalanceAI‚Ää‚Äî‚ÄäWeekly Report,h2
"Weekly Report‚Ää‚Äî‚ÄäFebruary 11, 2024",h3
NFTs: No Future Tokens,h2
"In the least surprising news ever, 95% of NFT projects are worthless",h3
Run your Berachain Node,h2
In 5 minutes !,h3
"No, You Shouldn‚Äôt Trade Your Eyeballs For Crypto",h2
What could possibly go wrong?,h3
üåçAvail: Deploying Your First Dymension RollApp (Pt. 1),h2
"Four weeks ago, we successfully set up our Avail node. Unfortunately, we missed the opportunity to become an official validator, as the‚Ä¶",h3
StoryFire Ambassador Program: Leaderboard-Based Rewards,h2
Overview of the Ambassador Program:,h3
The Internet Is Still Wide Open,h2
The internet is far more open and creative than is often portrayed. It‚Äôs overflowing in fact and that‚Äôs wonderful. Here‚Äôs why.,h3
The Bera Era Has Begun,h2
"The happy day has arrived. Rejoice, one and all, because if you‚Äôre reading this, Berachain Public Testnet ‚ÄúArtio‚Äù is live.",h3
Dimecoin Staking Explained | Dimecoin Network,h2
Overview,h3
Decentralized Dispute Resolution,h2
From Courtrooms to The Blockchain: DDR at the intersection of decentralization and justice,h3
PATCH NOTS 3.0 RUBXZ POSH PROTOCOL üí°üöÄ,h2
Patch Note 1.3,h3
It ain‚Äôt what you think it‚Äôs the language that you think in,h2
"A few weeks ago I was talking to Michal, who is a Lead Security Engineer over at Resonance Security. We were planning to discuss‚Ä¶",h3
Saga Mainnet Technical Launch Plan,h2
Hello Saganauts!,h3
Secure Your Tokens: Bitcoin Cash $BCH Airdrop Now Open,h2
Looking to get Bitcoin Cash $BCH Airdrop through DappRadar? Learn how to secure Bitcoin Cash $BCH airdrops with this comprehensive guide‚Ä¶,h3
Towards Defensible Infinite Scale,h2
The Rise of Protocol-Based Models,h3
stTIA Expansion: Stride Expands to the Modular Ecosystem with Hyperlane,h2
"We‚Äôre excited to announce that Stride, the premier liquid staking hub, is collaborating with Hyperlane to expand stTIA to the modular‚Ä¶",h3
"Syscoin, SuperDapp and the AI Revolution",h2
SYS Labs is massively capitalising on the explosive growth of AI. Find out in the article below what they‚Äôre doing and why it‚Äôs BIG.,h3
Web3 Series: The Story of Blockchain,h2
Why it‚Äôs important to understand this growing phenomenon that is starting to upend the business world.,h3
Earn3 V2‚Ää‚Äî‚Ää leveling up Crypto Airdrop hunting ü™Ç,h2
A new portal for a more efficient search for Crypto Airdrops has been launched. Earn3 V2 is FREE to use! üéâ Let's find out üëá,h3
How to mint NFTs programmatically,h2
"In this article, you‚Äôll learn about how you can mint NFTs programmatically using Alchemy and Pinata with 0 Solidity knowledge.",h3
DePIN: The Next Big Crypto Narrative?,h2
The cryptocurrency industry and blockchains as a whole are still in their infancy and looking for true product-market fit. Though we‚Äôve‚Ä¶,h3
HEROES OF MAVIA Airdrop eligibility ‚Äî Tutorial,h2
The Pixelated Party Is Over for NFTs,h2
The technology is Now Fully Toxic,h3
Crypto will explode! Here is the reason.,h2
Today is all about the next big things coming our way in the crypto market.,h3
Ride the Hottest Crypto Narratives with this Strategy (my portfolio included)!,h2
"With over 10,000 tokens to invest in and everyone telling you to get into their project, here's an easy plan to capitalize on what you‚Ä¶",h3
What is Privacy in Web3?,h2
An Exploration of the Different Conceptions and Approaches to Privacy in Web3,h3
üåçMangata Finance: A Step-by-Step Guide to Node Setup,h2
Connecting Ecosystems: Mangata Finance‚Äôs Vision for Omnichain Liquidity,h3
$MAVIA TOKEN Airdrop ‚Äî Biggest Airdrop is going now!,h2
NFTs Finally Have a Use-Case: A Sewer Game With Bad Poop Jokes,h2
Have money to flush down the toilet? This one is for you,h3
3 Unique Crypto Projects You've Got To Check Out,h2
"While influencers are all pumping their bags, I will pump my bags about some projects that are breaking the mold.",h3
"üî• Join $MOCA 100% Confirmed Airdrop | Must Join this, Backed by Animoca & OKX ü™Ç",h2
Let's Start the Blog üëá,h3
"Account abstraction, the new shiny object in crypto",h2
But are the advantages worth the tradeoffs?,h3
AIT joins the Bittensor Neural Network shaping Decentralized ML,h2
I. Bittensor‚Äôs Overview,h3
Free Resources to Learn Blockchain DeFi Development,h2
"Diving into blockchain and DeFi development is exciting, yet the sheer volume of resources can be overwhelming. We all want to cut through‚Ä¶",h3
Hands-On Implementation of the Raft Algorithm With TypeScript,h2
A powerful tool for achieving consensus in a distributed system,h3
How to Setup a Taiko Node and Holesky RPC Client,h2
"This guide, will cover the configuration of a freshly installed VPS server as an Ethereum Holesky RPC client. Once the Holesky RPC client‚Ä¶",h3
Implementation of Merkle Trees and Inclusion proofs,h2
How blockchains store transactions data? How are blockchains immutable?,h3
Going back to the roots. A Crypto 2022 sum up and thoughts for the future,h2
"In 1981, Odyssey released ‚ÄúGoing back to my roots‚Äù. I‚Äôm literally sitting here and listening to it, while trying to figure out how to sum‚Ä¶",h3
RMM V3 Public launch,h2
"After many months of work, we are proud to disclose the official launch of the RMM V3.",h3
DePIN: DATS Project‚Äôs Cyber Security Solutions and Benefits to Society,h2
"In today‚Äôs digital age, there are many cyber attacks and security is becoming an increasing concern. The increase in data leaks, malicious‚Ä¶",h3
"Binance‚Äôs Billions are Backed, but You‚Äôre Probably Asking the Wrong Question",h2
"The crypto industry is obsessed with figuring out if digital assets are actually backed by anything, but they should be careful what they‚Ä¶",h3
Understanding iBGT: The Future of Liquid Staking on Berachain,h2
Berachain is an EVM-compatible Layer 1 blockchain that features a unique Proof-of-Liquidity (PoL) sybil resistance mechanism. Designed to‚Ä¶,h3
"Bitcoin to $55000.. (RJ‚Äôs Newsletter‚Ää‚Äî‚ÄäFebruary 11, 2023)",h2
Stay ahead of the markets with this week‚Äôs newsletter!,h3
Why are there so many Web3 startups?,h2
"This week, Pitchbook published their latest Emerging Tech Indicator (ETI) report which tracks early stage investment activity amongst the‚Ä¶",h3
Bitcoin Basics: Chapter 1,h2
Financial Chaos,h3
[GnoDesk] Week 1 of Feb 2024,h2
Gnoland ecosystem updates for the 1st Week of February,h3
Rational optimism for crypto,h2
"On March 10th, 2000, the NASDAQ Composite Index hit an all time high of 5,048, signaling the peak of the dotcom bubble after growing 6x‚Ä¶",h3
LayerZero V2 Deep Dive,h2
"Everything you need to know about V2: architecture, trust assumptions, tx lifecycle, and more‚Ä¶",h3
USM Metaverse now available on Magic Square,h2
"RACA is pleased to announce that USM Metaverse is now available at Magic Square, an immersive Discovery & Engagement Platform for the Web3‚Ä¶",h3
Learn Blockchains by Building One,h2
The fastest way to learn how Blockchains work is to build one,h3
Monolithic VS Modular,h2
"This is the second article in the Fuelet series about modular blockchains, Fuel specifically. Read the intro to the modular blockchains‚Ä¶",h3
Urgent : Join Synth Early Adopter ending in Few Hours,h2
Web 3.0 for B2B: Using UX Research to Inform Blockchain Solutions,h2
The B2B industry is likely going to be impacted first by Blockchain applications. Here‚Äôs how to use UX research and inform the right‚Ä¶,h3
The Phoenix Protocol: An Exciting New Quest for GMEE Token Holders,h2
"A thrilling new adventure awaits GMEE token holders, with epic quests and tons of rewards on offer for our community!",h3
Founder‚Äôs Node Governance Proposal: Referral Incentive System for Ecosystem Usage,h2
"In the spirit of fostering innovation and collaboration within the Gala Founders Node Ecosystem, a new proposal is presented for‚Ä¶",h3
The Bar at the Edge of the Metaverse,h2
"What We Built, What I Learned, and What‚Äôs Next for Fin‚Äôs Beach Bar and Back Patio",h3
Earn native yields on layer 2 with Blast (Testnet and Early Access),h2
"The founder of Blur, Pacman, has recently launched Blast, a layer 2 solution born out of the need to ensure that yields on ETH and‚Ä¶",h3
MonoSwap Testnet (Blast Ecosystem),h2
hiring the best one blockchain network 2024,h3
The Crypto Winter Is About to Become a Crypto Ice Age,h2
"As another big player collapses, trust is being eroded",h3
Ethereum Price Prediction for 2024,h2
ETH Price Prediction,h3
How Interchain are Building an Internet of Blockchains,h2
What I learned from my discussion with Interchain‚Äôs Managing Director Maria Gomez.,h3
"The Collapse of FTX Is Not The Fault of Cryptocurrency, But Bad Business Models",h2
Fraud is Fraud‚Ää‚Äî‚ÄäNo Matter If Done Through Cryptocurrencies or Fiat Currency,h3
The Unblock Manifesto,h2
Correcting the Innovation Mindset in Web3,h3
Puri‚Ää‚Äî‚ÄäA Brief Guide,h2
A quick overview of how the Puri Project came about and currently announced plans,h3
The Blockchain Scalability Problem & the Race for Visa-Like Transaction Speed,h2
"Yes, blockchain has a scalability problem. Here‚Äôs what it is, and here‚Äôs what people are doing to solve it.",h3
7 Amazing Crypto Websites and Apps for Beginner Investors: Number 5 Will Blow Your Mind,h2
"Hello there! Whether you‚Äôre an investor or a trader, there are several websites and mobile applications that can make your crypto journey‚Ä¶",h3
Heroes of Mavia (MAVIA) Token Heroes of Mavia (MAVIA) Airdrop Full Guide: How to claim Coin airdrop?,h2
Why Decentralization Matters,h2
We‚Äôve forgotten there‚Äôs a better way to build internet services,h3
ZkSync Airdrop Leak: Libertas Omnibus NFT Usecase unveiled?,h2
Potential leaks indicate that ZkSync is planning something special. They are adding a fun twist to their Airdrop by creating an entire‚Ä¶,h3
The Master Guide on How to Buy Crypto,h2
Discover 6 methods to purchase crypto & learn everything you need to know about them.,h3
The resolution of the Bitcoin experiment,h2
"I‚Äôve spent more than 5 years being a Bitcoin developer. The software I‚Äôve written has been used by millions of users, hundreds of‚Ä¶",h3
Berachain Testnet‚Ää‚Äî‚ÄäHONEY are you ready?,h2
"HONEY, are you ready to embark on a bear-y special journey?",h3
VeChain $VET Airdrop Eligible Step-by-step Guide: How to claim?,h2
"Logan Paul‚Äôs NFT Collection, Once Worth $2.8 Million, Has Lost 70% Of Its Value",h2
He‚Äôs now another owner of NFTs ‚Äúworth essentially nothing‚Äù,h3
Breaking Boundaries: LumiStake‚Äôs Latest Upgrades Reshape the Staking Landscape,h2
By ShareNews.io Editorial Team,h3
Morphy‚Äôs Origins and Aspirations,h2
Morphy is more than just a symbol; he represents the creative and adventurous spirit of Morph.,h3
The Metaverse Will Be Less Anonymous Than You Think,h2
"Cookies and advertisers are common place in the web as we know it, but in the metaverse brands can look into your soul.",h3
Exploring the Potential of $TIME Token,h2
Image Credit: Bushra,h3
I was a crazy crypto miner,h2
A true story of how I went all-in mining cryptocurrencies during the first gold rush of Bitcoin in 2013.,h3
How The GainsPad Tier System Works ‚ùì,h2
"You‚Äôll need to stake at least 1,000 $GAINS for a chance to invest in one of our IDOs.",h3
How to get Your Power Ledger $POWR Airdrop: Guide,h2
That Time We Burned Down Players‚Äô Houses in Ultima Online,h2
"Ultima Online is celebrating its 25th anniversary! You know what that means, right? Story time!",h3
V2 Use Case: Clusters and LayerZero,h2
All the chains. All your wallets. One Name. Now live on V2.,h3
Blockchain Beyond Bitcoin: The Next Generation of Applications,h2
"Exploring blockchain‚Äôs vast potential beyond Bitcoin, from finance to healthcare and energy, unlocking revolutionary applications",h3
The Crypto Correction Shows the Market Working,h2
"By Jamil N. Jaffer, NSI Founder and Executive Director, and John Poulson, NSI Public Policy and Government Relations Manager",h3
DREX for gringos,h2
Brazil‚Äôs money scene is getting a massive shakeup! The Central Bank of Brazil‚Äôs throwing a curveball with a new thing called the DREX‚Ä¶,h3
Bringing the Real World to Your Blockchain with Redstone Oracles,h2
Introduction to the Magic of Oracles,h3
Can Life Exist on the Blockchain?,h2
"By leveraging Web3 technology, it is now possible for the first time ever to digitally recreate the conditions necessary for the process of‚Ä¶",h3
What is Bitcoin Halving?,h2
How Halving Works and Why It‚Äôs Needed,h3
ColdStack Partners With Inery Blockchain,h2
Dear community members! We are thrilled to announce an exciting partnership with Inery Blockchain!,h3
"I‚Äôm not a robot (but, are you?)",h2
"The case for authenticating humans, reclaiming our identities, and defending against the swarm of coming bots. Can web5 be the answer?",h3
Crypto Retirement Plan: January Update,h2
At the end of 2023 I had shared my strategy for retiring with crypto in the coming 2 years.,h3
How to claim the XDBee Game HONEY Airdrop: A Step-by-Step Guide to enabling Trustline,h2
"In the ever-evolving landscape of blockchain and cryptocurrencies, unique opportunities frequently emerge, captivating the community. One‚Ä¶",h3
How to make decentralized apps (dApps) more user-friendly,h2
"I feel for Celsius, Three Arrows, Babel Finance and whoever the next floater happens to be.",h3
A Beginners Guide to Web3,h2
"Web3, simply put, is the next generation of the internet. It‚Äôs a departure from the way we‚Äôre used to experiencing the online world. Unlike‚Ä¶",h3
How to Stake and Auto-compound of Dymension with Yieldmos,h2
Table of contents,h3
DeSoc‚Äôs Dark Heart,h2
"DeSoc, for all its talk, has a very dark element as proposed",h3
The Launch of RentSpace‚Äôs NFT Collection: Minimalistic Villas,h2
"RentSpace, the next-generation property rental platform, was looking to get into the NFT space to offer a new digital asset for community‚Ä¶",h3
Unlock Your Future In Crypto With Jobfy. Where Innovation Meets Opportunity !,h2
Pioneering Decentralized Employment Solutions in Crypto and Blockchain. Revolutionize Your Career Path with Enhanced Transparency and‚Ä¶,h3
Is Twitter a public ledger?,h2
"Yes, yes it is and that may be why Musk wants it",h3
Five Reasons Why Solana Will Be More Profitable Than Ethereum,h2
"‚Ä¶even though I still prefer ETH, at least for now.",h3
Toncoin $TON Airdrop Insider: Unlocking the Hidden Potential of Crypto,h2
"Want to get this Toncoin $TON Airdrop through DappRadar? If so, you‚Äôre in the right place. As the popularity of airdrops continues to soar‚Ä¶",h3
Adam Neumann Is Here to Elevate The World‚Äôs Blockchains,h2
The comeback tour starts with ‚ÄúGoddess Nature Tokens‚Äù,h3
Top 6 Tokens to Make You More than a Million Dollars in 2024.,h2
"In the ever-evolving world of cryptocurrency, tales of astronomical gains and life-changing investments echo through the years. As we stand‚Ä¶",h3
Unlocking the Future of Cryptocurrency Prediction: A Federated Learning Revolution with Federal AI,h2
"Enter federated learning (FL), a distributed machine learning strategy that is poised to revolutionize cryptocurrency price prediction.",h3
The Myth of Renewable Bitcoin,h2
Why pushing Bitcoin towards renewables is unlikely to help anything,h3
„ÄåEN„ÄçABCDE: Why We Invest in Bitmap.tech,h2
February 3rd 2024 | BMAN,h3
Introducing $SMAX,h2
Solana Max: Programmed for Max Levels of Euphoria,h3
The TerraUSD Stablecoin Lunacy Explained,h2
"If it sounds too good to be true, it probably is too good to be true",h3
How to Create an On-Chain Farcaster Frame,h2
Turn your cast into a decentralized interactive app,h3
Meet the Ethernity Team: Jakub Pyzik,h2
We want you to get to know us!,h3
Why Economists Don‚Äôt Like Bitcoin (Part II),h2
Let‚Äôs take a look at some good reasons,h3
Easy Ways to make Money Online with Cloud Mining ($1200+ per day). *SunMiner Withdrawal proof*,h2
"Hey, all you must now know from the title of this article is that I will talk about or show you the withdrawal proof of the SunMiner cloud‚Ä¶",h3
Meet the TERFs,h2
"Have you ever wondered, what exactly *is* a TERF? What is a gender-critical? The TERF rabbit hole goes much deeper than a controversial‚Ä¶",h3
Why blockchain and Web3 user interfaces will suck for a while,h2
How Web 2.0 grumpiness + Web3 hubris are contributing to terrible user experiences on the cutting edge of tech.,h3
Blockchain : a Software Architecture perspective,h2
Blockchain has been a buzzword for some time now. The topic can generate strong reactions. I think it is because it solves the Byzantine‚Ä¶,h3
Heroes of Mavia Crypto Qualify Instruction: Get airdrop!,h2
‚ÄúSmart Contracts‚Äù Are Way Dumber Than You Think,h2
Uncovering the bad engineering behind ‚Äòsmart‚Äô,h3
The AGIX Token: Enabling anyone to participate in the future of AI,h2
SingularityNET‚Äôs AGIX utility and governance token provides an opportunity for anyone to shape and be rewarded by the growing AI landscape.,h3
Data. Onchained.,h2
"MELD is a self-sustaining L1 blockchain solution with a novel node-incentives model, a UX-focused block explorer, multiple oracles, and‚Ä¶",h3
"Jack Dorsey‚Äôs First-Tweet NFT, Listed at $48 Million, Has Lost 99% Of Its Value",h2
It‚Äôs all buying and selling for the sake of buying and selling,h3
Why Crypto Games Will Never Be A Thing,h2
"Emerging technologies: VR/XR, Artificial Intelligence, Metaverse, Blockchain‚Ä¶",h3
CheckDot‚Ää‚Äî‚ÄäDevNet,h2
CheckDot‚Ää‚Äî‚ÄäDevNet : An unexpected journey,h3
Modern Grifters and The Golden Age of Fraud,h2
Crypto is creating the next batch of unhinged Netflix crime series,h3
üåçEvernode: Become a Pioneering Host,h2
What is Evernode?‚Ää‚Äî‚ÄäAn Overview,h3
$ALT TOKEN Airdrop ‚Äî Get Free $ALT!,h2
Six Ideas to Rescue Higher Education,h2
Nimbyism is killing opportunities for younger folks. Here‚Äôs how we could fix it.,h3
Monaco's Predictive Markets Protocol: A Deep Dive,h2
What are Play-to-Earn(P2E) games?,h2
Photo by Pixabay,h3
Why Buying Million-Dollar Digital Real Estate Does Not Make Sense,h2
"Despite a boom in digital real estate, buying digital land for millions of $$ doesn‚Äôt make sense to me when there is infinite digital‚Ä¶",h3
"Redbelly Community Program: How it works, and how you can earn RBNT coins.",h2
Introduction,h3
Web3 as a Piece of Cake: L2 vs Subnets,h2
"There was a princess who asked, ‚ÄúWhat are the best Avalanche Layer 2 Solutions?‚Äù she can‚Äôt no longer ask questions because she was killed‚Ä¶",h3
Understanding Zero-Knowledge Proofs Through the Source Code of Tornado Cash,h2
Dive into the world of smart contracts with Zero-knowledge proof,h3
These Top DePIN projects Will Bring Web3 Mainstream in 2024,h2
"The DePIN, or Decentralized Infrastructure Network, has become one of the hottest trends in Web3 this year while, after the collapse of‚Ä¶",h3
Unlock Free Terra Classic $LUNC: Airdrop Claiming Strategy Revealed,h2
"Want to get this Terra Classic $LUNC Airdrop through DappRadar? If so, you‚Äôre in the right place. As the popularity of airdrops continues‚Ä¶",h3
NFTs Aren‚Äôt As Stupid As You Think,h2
"They‚Äôre much, much stupider‚Ää‚Äî‚Ääinvesting is like that",h3
Top 6 Cryptos With the Best Potential in 2024üíµüíµ,h2
"As the cryptocurrency market evolves in 2024, new investment opportunities emerge, creating excitement among investors. As today the‚Ä¶",h3
ERC-404: Ethereum Blockchains Path to NFT Liquidity and Accessibility,h2
"Ethereum, the leading smart contract platform, has been at the forefront of this innovation, providing a fertile ground for the creation of‚Ä¶",h3
The Great Blockchain of Being,h2
What the origin story of the Reformation tells us about the future of cryptocurrency and blockchain technology.,h3
Top 6 Legit Sites To Get Paid Udemy Courses For Free,h2
Free Udemy Courses download,h3
3 Airdrops to Claim Now ü™Çü™Çü™Ç,h2
"The crypto market is in correction üîª, but Airdrops are very active üî∫. Information about three actual Airdrops. All three became available‚Ä¶",h3
The First Milestone for COTI V2 Development has been Achieved!,h2
Written by Dr. Avishay Yanai and Dr. Nir Haloani,h3
Jupiter Solana Airdrop Q&A: Everything You Need to Know!,h2
"With the buzz around Jupiter Solana airdrop, there‚Äôs things you need to know. We‚Äôve found answers to the most commonly asked questions.",h3
The combination of technologies promoted by RACA has the potential to impact the society,h2
üåçExploring Palau‚Äôs Digital Residency Program,h2
The Perks of Being a Digital Resident in Palau,h3
EigenLayer Airdrop: How to get 100$ today?,h2
Retik Finance and RenQ Finance: A Tale of Two Scams,h2
"The Retik Finance team just came out with a response to a few articles that questioned the token‚Äôs legitimacy. In this response, they refer‚Ä¶",h3
Cardano $ADA token Airdrop ‚Äî Comprehensive Tutorial,h2
Unveiling The ApeBond Launchpad,h2
We are thrilled to announce a groundbreaking development in the ApeBond ecosystem: the introduction of our very own Launchpad. This‚Ä¶,h3
2023: A Year of Technological Progress,h2
The Accumulate Core Committee is pleased to present the 2023 review of the Accumulate Protocol.,h3
Awesome On-Chain Investigations HandBook 2.0,h2
"Blockchain technology has unlocked a new era of digital innovation, offering unprecedented opportunities and possibilities. However, the‚Ä¶",h3
Get your DYMENSION $DYM Airdrop: Complete Tutorial,h2
Morph Testnet Goes Live: Join Us in Setting New Standards in Consumer-Centric Blockchain!,h2
"We are thrilled to announce the launch of Morph‚Äôs Public Testnet, a transformative Layer 2 blockchain solution designed to redefine the‚Ä¶",h3
Intro To Smart Contract Auditing,h2
Embracing the Future of Gaming: Why Solana is Your Next Destination for Blockchain Game Development,h2
"Hey there, fellow game developers and blockchain enthusiasts! üôå üéÆ",h3
"Be Fast!! 0$-10,000$ with the Testnet Blast Airdrop!",h2
"In this environment, you need to be very careful with links and fake websites.",h3
What Are ERC-20 Tokens on the Ethereum Network?,h2
"In 2014, Vitalik Buterin launched Ethereum, setting it up as an open-source framework dedicated to the development of decentralized‚Ä¶",h3
SoDark Platform Intro!,h2
The first tool for Atlas3 & Subber & Alphabot. We‚Äôve created a third-party platform for you to manage all your Giveaways on your Discord‚Ä¶,h3
Heroes of Mavia $MAVIA Airdrop claim ‚Äî Full guide,h2
Merkle Trade Incentives Overview. Trading Seasons,h2
TLDR;,h3
The Staking and Rewards Guide for the Work X Genesis NFT,h2
Nibiru Chain Airdrop ‚Äî Massive Airdrop is now Live!,h2
"Swan Chain, a Layer-2 OP Superchain Built for AI Computing",h2
Artificial intelligence (AI) and blockchain are two of the most disruptive and transformative technologies of our time. Both fields have‚Ä¶,h3
EOS $EOS Airdrop Strategy: Claim 500$ Today!,h2
Curious about obtaining the EOS $EOS Airdrop using DappRadar? Delve into the process of acquiring EOS $EOS airdrops and their advantages‚Ä¶,h3
"Koii Node: Featured in Binance, Potential 500$ Passive Income, Tier 1 Exchanges, Mainnet Q2",h2
"Put your computer to work, get paid and support organizations you care about",h3
"‚ÄúBatman: More Than a Meme Token, a Community of Crypto Champions ü¶á",h2
"In this amazing world of cryptocurrencies, Batman stands not just as a meme token but as a beacon of community strength and empowerment‚Ä¶",h3
What is Web 3.0? How Web3 Works?‚Ää‚Äî‚ÄäA Guide for Beginners,h2
This blog is a comprehensive guide for beginners to understand the basics of Web 3.0 and how it works. Learn from the best and implement.,h3
Claim Your Free Chainlink $LINK Airdrops: Join the Revolution!,h2
"Want to get this Chainlink $LINK Airdrop through DappRadar? If so, you‚Äôre in the right place. As the popularity of airdrops continues to‚Ä¶",h3
Community Call‚Ää‚Äî‚ÄäLet‚Äôs build the Supervillains together!,h2
"Lucas, Co-founder of Supervillain Labs, outlines his vision with the new venture and its connection to the entertainment shift",h3
Dymension $DYM Airdrop ‚Äî Massive Airdrop is now Live!,h2
Run,h2
Update your VPS by executing the following command,h3
Chavinci Network,h2
A Layer 1 Ecosystem created to bring Blockchain Technology to the End-User,h3
Solidity Vs. Rust: Which Programming Language Should You Choose For Web3 Apps?,h2
"In today‚Äôs tech landscape, one cannot overlook the importance of blockchain technology. Because of its growing popularity and practicality‚Ä¶",h3
DAOs in Action: Case Studies of Successful Decentralized Governance,h2
"As the previous blog explained ‚ÄúWhat are DAOs?‚Äù, ‚ÄùHow Do DAOs Operate?‚Äù, ‚ÄúBenefits‚Äù, ‚ÄúGetting Involved‚Äù [link to the previous blog]",h3
SoDark Values!,h2
Here is a complete explanation about the SoDark project.,h3
"Grants Program Update, January 2024",h2
A monthly status update for Sia Grants Program proposals.,h3
Bitcoin: The End Of An Era (Documentary),h2
Where Will Bitcoin (BTC) Stop Once And For All,h3
Beam $BEAM Airdrop: How to claim 150$ easy?,h2
Announcing OEV Network: The ZK-rollup to capture all oracle extractable value,h2
OEV Network is an onchain solution for every dApp on every chain to recapture MEV related to oracle updates.,h3
Multibit $MUBI Airdrop Going Now ‚Äî How to claim Tutorial,h2
All Major Blockchain Consensus Algorithms Explained,h2
Understanding the Different Types of Blockchain Consensus Mechanisms,h3
Fantom $FTM Airdrop ‚Äî Massive Airdrop is now Live!,h2
SlashProof Testnet Live on Karak,h2
"The future is restaked, and secured by SlashProof",h3
"How to build ideal Government with AI, Blockchain, Distributed computing",h2
"In this article, I want to tell about ideal management of a state using 100% digitalization and automation of processes",h3
Aleph.im ultimate F.A.Q,h2
"Frequently Asked Questions about aleph.im, for stakers, node operators and liquidity providers.",h3
Unleash Your Inner Architect: Building the Future with the Syntropy Builder Program,h2
"The internet we know faces challenges: centralized bottlenecks, lagging speeds, and ever-present security concerns. But what if there was a‚Ä¶",h3
MELD Dev Diary 72,h2
Hello! Welcome to our Dev Diaries. This is where we give you a peek behind the curtain to see how we‚Äôre making MELDapp even better. So‚Ä¶,h3
RootData 2023 Web3 Research Report and Annual Rankings,h2
Author: Rootdata,h3
The World‚Äôs Most Important Company: Worth Risking Peace!,h2
How to stake LAVITA through Theta Mobile Wallets,h2
"Staking LAVITA tokens helps secure and govern the Lavita Theta subchain and plays a critical role in the governance, decentralization and‚Ä¶",h3
Can blockchain be a solution to the state‚Äôs deepening legitimacy problem?,h2
Ethereum 2024 Roadmap Update and Preview of EIP Proposals,h2
Ethereum Roadmap Update,h3
Gitcoin Passport‚Ää‚Äî‚ÄäHAS IT BEGUN?!,h2
Seen the news? zkSync has added a couple of roles to the Guild that can only be obtained by using a Gitcoin Passport and having a certain‚Ä¶,h3
SCF #22 Recap,h2
The Stellar Community Fund (SCF) is an open-application awards program that draws on community input to support developers and startups‚Ä¶,h3
Bluefin Airdrop Guide To Claim Free Crypto Airdrops,h2
The Bluefin Airdrop represents a promotional distribution of Bluefin Network crypto tokens. This event targets existing stakeholders and‚Ä¶,h3
"Revolutionizing Healthcare: The Convergence of AI, Blockchain, and DAOs",h2
"In the corridors of global healthcare, a quiet revolution brews, one that promises to redefine the bedrock of patient trust and system‚Ä¶",h3
Jupiter $JUP Airdrop Eligible Tutorial: How to Get it Now?,h2
zkSync Era Full Guide with Update 200+ Transaction,h2
Now Zksync era back 40% gas fee. suppose if you see gas 1$ but they take only .6$,h3
What is Warpcast? Should you join this decentralized platform?,h2
"If you can‚Äôt read this article because of the firewall, go here to read it for free!",h3
OM Token V2 Migration Step-by-Step Guide,h2
How to migrate your OM tokens in just a few clicks,h3
Orchid token Airdrop ‚Äî Complete Guide,h2
enter airdrop page,h3
The GainsPad Lottery & Whitelist System üé∞,h2
"When projects get super hyped, jumping in can be tough because everyone wants a piece of the cake.",h3
Treasure Airdrop Tutorial: CLAIM 250 IN (MAGIC) FOR ALL!,h2
PixelRealm Roadmap 2024,h2
A recap of our year and what‚Äôs ahead for 2024.,h3
SwapMode: Revolutionizing DeFi with Concentrated Liquidity and Real Yield on Mode Network,h2
"The decentralized finance (DeFi) landscape is evolving, and SwapMode is at the forefront of this transformation. As the premier‚Ä¶",h3
Powerledger $POWR Airdrop Strategies: Optimizing Your Rewards,h2
Exploring Powerledger $POWR Airdrop through DappRadar? Uncover the process of obtaining Powerledger $POWR airdrops and the advantages it‚Ä¶,h3
Winee3‚Äôs Closed Alpha Testing and Rewards Program!,h2
We are thrilled to announce an overwhelming response to our early registration call for Winee3‚Äôs closed alpha testing. In just one week‚Ä¶,h3
Unveiling the Mechanics of Aeroscraper and Neptune Finance,h2
Development Plans for Sloco.Bet with KAI,h2
[ÌïúÍµ≠Ïñ¥],h3
10+ secret sites to get instant-crypto online without risking anything.,h2
HOW TO MIGRATE YOUR TOKENS TO MEGALAND V2?,h2
"Megaland migration has started and, except for MEXC holders, all holders should migrate their tokens via the official migration platform.",h3
üåü January in Review: Unveiling a Tapestry of Impact!** üåç,h2
Run your Aleo Node,h2
"This is a step-by-step guide to build and deploy easily your Aleo node in 3 minutes, with no need for code knowledge !",h3
Bitcoin Gold $BTG Airdrop Qualifying Comprehensive Tutorial: How to Get it Now?,h2
QUAI Network: Energy. Based. Money. For the 21st Century.,h2
"Quai Network is an EVM compatible, highly scalable and secure Layer 1 blockchain, designed for fast, low cost, high-throughput‚Ä¶",h3
Echoes of the Past: The Skeuomorphic Journey from Early Internet to Web3‚Äôs Metaverse,h2
"In the dynamic realm of technology, certain design philosophies recur, mirroring trends from previous eras. One such enduring concept is‚Ä¶",h3
2023 Recap & Q1/2024 Roadmap,h2
What happened in 2023 and what‚Äôs coming in 2024.,h3
PixelMon token Airdrop ‚Äî Strategie,h2
Tezos $XTZ token Airdrop ‚Äî Full Tutorial,h2
ü§ë Make MILLIONS with this Lowcap 100X Altcoin? üöÄ,h2
Adding potential cryptocurrencies to your portfolio before the market takes off is probably why you‚Äôre reading this post. Getting into an‚Ä¶,h3
"Blockchain is a booming technology and a buzzword among all techies nowadays, so let‚Äôs dive in and‚Ä¶",h2
Smart Contracts are a set of instructions executed in a decentralized way without the need for a centralized or third-party intermediary.,h3
Unmasking the mystery: can you really track Bitcoin ?,h2
Cryptocurrency,h3
Chrono.tech‚Äôs $TIME: A Token Traversing the Landscape of Recruitment and DeFi,h2
The $TIME token,h3
Welcome to the LimoNation App!,h2
"Hi, and welcome to Limoverse!",h3
edeXa: Own a piece of the blockchain future!,h2
edeXa is blazing a trail in blockchain by inviting you to join their exclusive presale of the EDX token. Early participation doesn‚Äôt just‚Ä¶,h3
Starcoin Testnet Mining Tutorial,h2
"To facilitate the user experience on the Starcoin 2.0 Testnet, we have created a simple and user-friendly mining program. It allows users‚Ä¶",h3
Future of Finance: A Glimpse Beyond the Horizon,h2
"The financial landscape is undergoing a metamorphosis. As we stand at the precipice of a technological revolution, driven by innovation and‚Ä¶",h3
Navigating the Aleo Blockchain: A Comprehensive Guide to Interaction and its Remarkable Funding‚Ä¶,h2
Several whispers from Aleo team and its ambassadors and are pointing to a possible launch of Aleo‚Äôs Token this Q1 2024 some say it‚Äôs‚Ä¶,h3
Charting a Greener Course: Building a Sustainable Crypto Future,h2
"Cryptocurrencies, born amidst promises of democratizing finance and revolutionizing transactions, have faced increasing scrutiny regarding‚Ä¶",h3
Shell.Trade Ambassador Program,h2
"Earn up to 5000$/month, be a Shell Ambassador, (DYOR)",h3
The Dawn Of A New Economy Part #1,h2
"October 26, 2021by Caleb",h3
Solana Airdrop: Claim Free $SOL Tokens Instantly,h2
Solana airdrops are events where new tokens are distributed free to Solana wallet holders. These giveaways can incentivize participation or‚Ä¶,h3
5 red flags to watch out for in Phishing attacks,h2
A recent report by web3 security firm Scam Sniffer estimates that phishing scams stole around $300 million worth of cryptocurrencies in‚Ä¶,h3
"I don‚Äôt care if I get sandwiched, bigger things are coming to MEV",h2
The inner workings of MEV and how the industry is shifting,h3
MEV Bots 101: What are MEV Bots and How are They Making Millions?,h2
The Gray Area of DeFi: How Bots Are Front-Running Crypto Investors and Squeezing Out Profits,h3
Manta Network Airdrop Claim Free Crypto Airdrops!,h2
The Manta Airdrop refers to the distribution of tokens to early adopters of the Manta Network. Eligible participants receive these tokens‚Ä¶,h3
A wallet that rewards you simply for using it.,h2
Yesterday marked the beginning of a new airdrop initiative aimed at increasing user adoption whilst rewarding StrikeX Wallet users simply‚Ä¶,h3
How NFTs and Smart Contracts are Shaping the DeFi Ecosystem,h2
"The decentralized finance (DeFi) landscape is a whirlwind of innovation. At its core, smart contracts, self-executing code on blockchains‚Ä¶",h3
SingularityNET Latest Ecosystem Updates: January 2024,h2
"The latest technology, blockchain, and decentralized AI updates include BGI24 and BGI Challenge, Supervisory Council Workshops, Deep Fund‚Ä¶",h3
Tokenization 2.0: Unveiling the ERC-6960 Dual Layer Token Standard,h2
"The world of tokenization, transforming real-world assets into tradable digital tokens, has seen explosive growth in recent years. However‚Ä¶",h3
"Symphony: Revolutionizing DeFi with Stability, Decentralization, and Trust",h2
Introduction:,h3
Farcaster‚Ää‚Äî‚ÄäHOLD ON TO YOUR HATS FOR SOME SERIOUS FOMO!,h2
"I‚Äôm confident that most of you have heard about Farcaster, at least because it‚Äôs been covered quite extensively all over X. However, many‚Ä¶",h3
üåçDYDX Airdrop,h2
Step-By-Step Guide How to Claim dYdX Airdrop,h3
Beyond the Hype: Are NFTs Still a Thing in 2024?,h2
"Non-fungible tokens (NFTs) exploded onto the scene in 2021, captivating the world with dizzying headlines and eye-watering price tags‚Ä¶",h3
Is $NEO dead? No. Is it failing? Yes. Will it finally wake up? Perhaps.,h2
"Neo is one of the oldest blockchains and one of the first to support smart-contracts. However, you will find many people arguing that it's‚Ä¶",h3
"Charting Our Course: Foreon Network‚Äôs Updated Roadmap, Tokenomics & Vesting Schedule",h2
"Today, we‚Äôre excited to share our progress, our journey so far, and what lies ahead.",h3
Solana Crypto Airdrops Claim Free $SOL Free Tokens,h2
DATA OWNERSHIP PROTOCOL [ DOP ],h2
Official binance confirmed this airdrop,h3
Arbitrum Crypto Airdrop: Earn $ARB Tokens Free!,h2
The Arbitrum airdrop refers to the distribution of free tokens to the users of the Arbitrum network. It rewards early adopters and‚Ä¶,h3
What is Restaking?,h2
This is the second piece in our educational series on staking and its significance to the blockchain ecosystem. It builds off of our‚Ä¶,h3
Arbitrum Airdrop Check Eligibility Claim $ARB,h2
The Arbitrum airdrop distribution of free tokens to the users of the Arbitrum network. It rewards early adopters and participants within‚Ä¶,h3
Building a Blockchain from Scratch with Python!,h2
Learn the Basics of Blockchain Technology and Create Your Own Blockchain in Python with Step-by-Step Instructions.,h3
BeraChain $BERA Airdrop Full Tutorial: Claim 100$ Now!,h2
Vue 3 Composition API: Basics and Patterns,h2
"This blog is a part of our ‚ÄúEngineering at Arcana‚Äù series, and is written by our Frontend Developer Shrinath Prabhu.",h3
Discover the Future with Sui: Empowering Possibilities,h2
