,title_stem
0,recommend stori blockchain
1,gelio thread contest share knowledg win
2,implement blockchain rust
3,avail deploy appchain use madara karnot
4,ire airdrop updat part
5,search lost key
6,trade strategi could make rich make money newli list coin binanc
7,accident x rent money one day thank ai elon musk
8,highlight messari epic crypto these part
9,pryzm airdrop stepbystep guid qualifi pryzm airdrop airdrop ninja
10,use blockchain verifi email address sound pretti smart
11,januari roundup februari preview
12,geopoliticu adult watch death old man
13,let see sandwich bot realli work
14,web failur predict market
15,spacemesh smh peopl coin
16,balanceai weekli report
17,nft futur token
18,run berachain node
19,shouldnt trade eyebal crypto
20,avail deploy first dymens rollapp pt
21,storyfir ambassador program leaderboardbas reward
22,internet still wide open
23,bera era begun
24,dimecoin stake explain dimecoin network
25,decentr disput resolut
26,patch not rubxz posh protocol
27,aint think languag think
28,saga mainnet technic launch plan
29,secur token bitcoin cash bch airdrop open
30,toward defens infinit scale
31,sttia expans stride expand modular ecosystem hyperlan
32,syscoin superdapp ai revolut
33,web seri stori blockchain
34,earn v level crypto airdrop hunt
35,mint nft programmat
36,depin next big crypto narr
37,hero mavia airdrop elig tutori
38,pixel parti nft
39,crypto explod reason
40,ride hottest crypto narr strategi portfolio includ
41,privaci web
42,mangata financ stepbystep guid node setup
43,mavia token airdrop biggest airdrop go
44,nft final usecas sewer game bad poop joke
45,uniqu crypto project youv got check
46,join moca confirm airdrop must join back animoca okx
47,account abstract new shini object crypto
48,ait join bittensor neural network shape decentr ml
49,free resourc learn blockchain defi develop
50,handson implement raft algorithm typescript
51,setup taiko node holeski rpc client
52,implement merkl tree inclus proof
53,go back root crypto sum thought futur
54,rmm v public launch
55,depin dat project cyber secur solut benefit societi
56,binanc billion back your probabl ask wrong question
57,understand ibgt futur liquid stake berachain
58,bitcoin rj newslett februari
59,mani web startup
60,bitcoin basic chapter
61,gnodesk week feb
62,ration optim crypto
63,layerzero v deep dive
64,usm metavers avail magic squar
65,learn blockchain build one
66,monolith vs modular
67,urgent join synth earli adopt end hour
68,web bb use ux research inform blockchain solut
69,phoenix protocol excit new quest gmee token holder
70,founder node govern propos referr incent system ecosystem usag
71,bar edg metavers
72,earn nativ yield layer blast testnet earli access
73,monoswap testnet blast ecosystem
74,crypto winter becom crypto ice age
75,ethereum price predict
76,interchain build internet blockchain
77,collaps ftx fault cryptocurr bad busi model
78,unblock manifesto
79,puri brief guid
80,blockchain scalabl problem race visalik transact speed
81,amaz crypto websit app beginn investor number blow mind
82,hero mavia mavia token hero mavia mavia airdrop full guid claim coin airdrop
83,decentr matter
84,zksync airdrop leak liberta omnibu nft usecas unveil
85,master guid buy crypto
86,resolut bitcoin experi
87,berachain testnet honey readi
88,vechain vet airdrop elig stepbystep guid claim
89,logan paul nft collect worth million lost valu
90,break boundari lumistak latest upgrad reshap stake landscap
91,morphi origin aspir
92,metavers less anonym think
93,explor potenti time token
94,crazi crypto miner
95,gainspad tier system work
96,get power ledger powr airdrop guid
97,time burn player hous ultima onlin
98,v use case cluster layerzero
99,blockchain beyond bitcoin next gener applic
100,crypto correct show market work
101,drex gringo
102,bring real world blockchain redston oracl
103,life exist blockchain
104,bitcoin halv
105,coldstack partner ineri blockchain
106,im robot
107,crypto retir plan januari updat
108,claim xdbee game honey airdrop stepbystep guid enabl trustlin
109,make decentr app dapp userfriendli
110,beginn guid web
111,stake autocompound dymens yieldmo
112,desoc dark heart
113,launch rentspac nft collect minimalist villa
114,unlock futur crypto jobfi innov meet opportun
115,twitter public ledger
116,five reason solana profit ethereum
117,toncoin ton airdrop insid unlock hidden potenti crypto
118,adam neumann elev world blockchain
119,top token make million dollar
120,unlock futur cryptocurr predict feder learn revolut feder ai
121,myth renew bitcoin
122,enabcd invest bitmaptech
123,introduc smax
124,terrausd stablecoin lunaci explain
125,creat onchain farcast frame
126,meet ethern team jakub pyzik
127,economist dont like bitcoin part ii
128,easi way make money onlin cloud mine per day sunmin withdraw proof
129,meet terf
130,blockchain web user interfac suck
131,blockchain softwar architectur perspect
132,hero mavia crypto qualifi instruct get airdrop
133,smart contract way dumber think
134,agix token enabl anyon particip futur ai
135,data onchain
136,jack dorsey firsttweet nft list million lost valu
137,crypto game never thing
138,checkdot devnet
139,modern grifter golden age fraud
140,evernod becom pioneer host
141,alt token airdrop get free alt
142,six idea rescu higher educ
143,monaco predict market protocol deep dive
144,playtoearnp game
145,buy milliondollar digit real estat make sens
146,redbelli commun program work earn rbnt coin
147,web piec cake l vs subnet
148,understand zeroknowledg proof sourc code tornado cash
149,top depin project bring web mainstream
150,unlock free terra classic lunc airdrop claim strategi reveal
151,nft arent stupid think
152,top crypto best potenti
153,erc ethereum blockchain path nft liquid access
154,great blockchain
155,top legit site get paid udemi cours free
156,airdrop claim
157,first mileston coti v develop achiev
158,jupit solana airdrop qa everyth need know
159,combin technolog promot raca potenti impact societi
160,explor palau digit resid program
161,eigenlay airdrop get today
162,retik financ renq financ tale two scam
163,cardano ada token airdrop comprehens tutori
164,unveil apebond launchpad
165,year technolog progress
166,awesom onchain investig handbook
167,get dymens dym airdrop complet tutori
168,morph testnet goe live join us set new standard consumercentr blockchain
169,intro smart contract audit
170,embrac futur game solana next destin blockchain game develop
171,fast testnet blast airdrop
172,erc token ethereum network
173,sodark platform intro
174,hero mavia mavia airdrop claim full guid
175,merkl trade incent overview trade season
176,stake reward guid work x genesi nft
177,nibiru chain airdrop massiv airdrop live
178,swan chain layer op superchain built ai comput
179,eo eo airdrop strategi claim today
180,koii node featur binanc potenti passiv incom tier exchang mainnet q
181,batman meme token commun crypto champion
182,web web work guid beginn
183,claim free chainlink link airdrop join revolut
184,commun call let build supervillain togeth
185,dymens dym airdrop massiv airdrop live
186,run
187,chavinci network
188,solid vs rust program languag choos web app
189,dao action case studi success decentr govern
190,sodark valu
191,grant program updat januari
192,bitcoin end era documentari
193,beam beam airdrop claim easi
194,announc oev network zkrollup captur oracl extract valu
195,multibit mubi airdrop go claim tutori
196,major blockchain consensu algorithm explain
197,fantom ftm airdrop massiv airdrop live
198,slashproof testnet live karak
199,build ideal govern ai blockchain distribut comput
200,alephim ultim faq
201,unleash inner architect build futur syntropi builder program
202,meld dev diari
203,rootdata web research report annual rank
204,world import compani worth risk peac
205,stake lavita theta mobil wallet
206,blockchain solut state deepen legitimaci problem
207,ethereum roadmap updat preview eip propos
208,gitcoin passport begun
209,scf recap
210,bluefin airdrop guid claim free crypto airdrop
211,revolution healthcar converg ai blockchain dao
212,jupit jup airdrop elig tutori get
213,zksync era full guid updat transact
214,warpcast join decentr platform
215,om token v migrat stepbystep guid
216,orchid token airdrop complet guid
217,gainspad lotteri whitelist system
218,treasur airdrop tutori claim magic
219,pixelrealm roadmap
220,swapmod revolution defi concentr liquid real yield mode network
221,powerledg powr airdrop strategi optim reward
222,wine close alpha test reward program
223,unveil mechan aeroscrap neptun financ
224,develop plan slocobet kai
225,secret site get instantcrypto onlin without risk anyth
226,migrat token megaland v
227,januari review unveil tapestri impact
228,run aleo node
229,bitcoin gold btg airdrop qualifi comprehens tutori get
230,quai network energi base money st centuri
231,echo past skeuomorph journey earli internet web metavers
232,recap q roadmap
233,pixelmon token airdrop strategi
234,tezo xtz token airdrop full tutori
235,make million lowcap x altcoin
236,blockchain boom technolog buzzword among techi nowaday let dive
237,unmask mysteri realli track bitcoin
238,chronotech time token travers landscap recruit defi
239,welcom limon app
240,edexa piec blockchain futur
241,starcoin testnet mine tutori
242,futur financ glimps beyond horizon
243,navig aleo blockchain comprehens guid interact remark fund
244,chart greener cours build sustain crypto futur
245,shelltrad ambassador program
246,dawn new economi part
247,solana airdrop claim free sol token instantli
248,red flag watch phish attack
249,dont care get sandwich bigger thing come mev
250,mev bot mev bot make million
251,manta network airdrop claim free crypto airdrop
252,wallet reward simpli use
253,nft smart contract shape defi ecosystem
254,singularitynet latest ecosystem updat januari
255,token unveil erc dual layer token standard
256,symphoni revolution defi stabil decentr trust
257,farcast hold hat seriou fomo
258,dydx airdrop
259,beyond hype nft still thing
260,neo dead fail ye final wake perhap
261,chart cours foreon network updat roadmap tokenom vest schedul
262,solana crypto airdrop claim free sol free token
263,data ownership protocol dop
264,arbitrum crypto airdrop earn arb token free
265,restak
266,arbitrum airdrop check elig claim arb
267,build blockchain scratch python
268,berachain bera airdrop full tutori claim
269,vue composit api basic pattern
270,discov futur sui empow possibl
