,title_lem
0,science crypto forensics survives court battlefor
1,eco friendly blockchain project etuktuk nears mark crypto presale
2,u government say ip infringement nft marketplace
3,stellar invest soroban smart contract apps bid beat ethereum
4,fed reportedly investigating ethereum foundation
5,solana supplants ethereum top place dex volume
6,solana memecoin slerf dev destroys debut
7,el blockchain lleva prometiendo revolucionar la finanzas desde hace aos esta semana han demostrado que puede conseguirlo
8,gunzilla game raise support grid development
9,bitcoin fog operator convicted laundering bitcoins darknet
10,youtuber dunkeys publishing company releasing first game may
11,ethereum network completes costcutting dencun software upgrade
12,eu blockchain und produktpsse fr den kampf gegen markenpiraterie
13,coinbase store usdc base tvl skyrocket b
14,terraform lab founder kwon found liable u civil fraud trial
15,mittwoch nokiavorwrfe gegen reddit thread von meta mit trendigen themen
16,major mobile nft shooter game madworld us linux foundation subsidiary game engine
17,eve online dev ccps blockchain survival experience project awakening getting closed playtest may
18,ethereums major dencun upgrade go live today
19,solana crypto presale slothana raise million sloth meme coin review
20,bitcoin halving spur exodus old u mining computer abroad
21,mev possible bitcoin
22,yield guild game token debut ronin network foster web gaming growth
23,u government move billion seized bitcoin silk road
24,ripple lab accuses sec trying punish intimidate seeking billion penalty xrp developer
25,rep cammack concerned ai impact election critical issue
26,solana break amid looming airdrop anticipation
27,coinbase offer worldcoin ordinal perpetual future
28,ready player one author ernest cline head web multiverse game
29,year hacker news ask hn hiring trend
30,next level kicoins gehen durch die decke
31,top crypto gainer watch week dogecoin aptos toncoin new altcoin icos
32,succinct building zeroknowledge proof tech blockchain apps raised led paradigm across seed series brady daleaxios
33,crypto wallet provider urged rethink security criminal drain million
34,primer teaser de open el videojuego del creador de ready player one quiere ser tan inmersivo como impactante
35,guy serious crypto joke character gone viral
36,ai crypto world merged become artificial superintelligence here know
37,die rolle der blockchain bei der sicherung digitaler transaktionen
38,altcoins riding bitcoin wave unstoppable least
39,trending cryptocurrency today ethena meme ai dogwifhat
40,virtual reality crypto project th scape hit million milestone public presale round
41,new crypto bitcoin minetrix nears million raised token presale btcmtx
42,key role middleman blockchain
43,blackrock launching first ethereumbased tokenized fund
44,source monad lab building ethereum virtual machinecompatible layer blockchain talk raise led paradigm b valuation fortune
45,source detail secret investment kickstarter az crypto letting staff investor cash led abandoned blockchain pivot fortune
46,eclipse lab developing ethereum layer blockchain using solana virtual machine raised series coled placeholder hack vc vishal chawlathe block
47,italian pm seek justice deepfake porn video amid surge case
48,shakeup square enix see dragon quest long standing top producer step
49,circle completeelon musk issue shock prediction could cause bitcoin ethereum xrp dogecoin crypto price chaos
50,cryptocurrency laundryman get hung dry
51,g lab zero gravity lab building modular blockchain let developer make decentralized ai apps raised preseed funding jacquelyn melinektechcrunch
52,u sec want know whether ether security
53,google indexing bitcoins blockchain show wallet balance
54,navigating future imperative interoperable blockchain ecosystem
55,exploration execution whats next blockchain technology
56,company reluctant pay extra confirm supplier sustainability claim
57,cosvm mainnet go live chainlist powering blockchain revolution
58,eu parliament commitee approves cash cap ban anonymous crypto payment
59,diving deep lussa critical look new spacethemed multiplayer battle royale
60,crypto billionaire fortune
61,richest crypto bitcoin billionaire world
62,goldman bny mellon join multilender blockchain project
63,finance titan complete landmark blockchain pilot canton network
64,tron integrated amazon web service accelerate blockchain adoption
65,bloodloop level raise fuel blockchain gaming adoption
66,uae integrates cardano blockchain enhanced criminal investigation security
67,jamie dimon say recession he predicting could still happen
68,skydrome navigating defi horizon scroll blockchain
69,guide layer blockchain business transitioning web
70,open data unfulfilled promise blockchain
71,pixel crypto game fuel resurgent ronin blockchain
72,nvidia para de subir en bolsa la cuestin e si estamos ante la mayor burbuja del siglo
73,app store une app conue pour voler de cryptos bern apple
74,wie kleinanleger kunst investieren knnen
75,digitalwhrung bitcoingrnder satoshi nakamoto weiter nicht bekannt
76,much privacy worth
77,month ftx trust web technology never stronger
78,solana welcome circle crosschain transfer protocol
79,bnb chain launch meme competition offer million usd reward
80,die zukunft der digitalen whrungen ein umfassender blick auf kryptowhrungen mit einem fokus auf solana
81,creative strategy helping asian vcs stand web investor
82,investers like karlie kloss joined raise ai powered mmerch
83,bril finance pioneer new epoch yield optimization web
84,stablecoins used
85,asset tokenization revolutionizing global finance
86,launch solana token
87,developer royalty fee thought
88,huge new crypto halving price data reveals april could bitcoins biggest ever month
89,coachella launching avalanche nft quest game music festival
90,china belt road initiative leverage blockchain technology insight unveiled
91,true creator bitcoin answer
92,starknet explains reason hour block outage
93,ai blockchain revolutionize internet know
94,marketing makeover blockchains disruptive power
95,miracle cash amsterdam store herald new era blockchain
96,meme pump blunder absurd crypto spectacle make comeback
97,amazon managed blockchain amb query support listing unspent transaction output utxos bitcoin blockchain network
98,role ai making web accessible mass
99,next gen woman forefront crypto policy
100,kunstausstellung kryptomania glitch im verwertungszyklus
101,building reliable supply chain
102,blast blockchain lock amid ethereums dencun upgrade
103,crypto advisor governance blockchain world
104,protocol bitcoin halving week solanas yakovenko meme coin
105,bitcoin core portable cryptocurrency released
106,base blockchain transaction jump meme coin led frenzy
107,real estate tokenization start new era property management
108,tesla spacex currently hold bitcoin across address say blockchain intelligence firm
109,punk armada embrace web identity
110,cloudborns pioneering generative ai mean game character learn lifelike personality never forget
111,ethereum fee dropping power next wave crypto innovation
112,future march madness ai digital identity meme coin transform hoop
113,dangerous nukeschina russia revealed suddenly abandoning u dollar bitcoin ethereum xrpinspired rival amid crypto price pump
114,bnb chain launch rollupasaservice bolster l blockchain development
115,lif partner bitgo enhance blockchain security institutional defi asset
116,yalas strategic roadmap unveiled bring bitcoin liquidity across blockchain metayield stablecoin
117,liberia working build cbdc blockchain solution firm gluwa
118,interesting company intersection crypto ai
119,five fatal mistake bullish development
120,top gambling token worth investing year
121,late crypto
122,cosmosbased canto blockchain unveils cyclone stack runup polygon move
123,bitcoins value fallen setback big jump
124,coach ligue la ligue lance son jeu de fantasy football
125,zbytes sdk launch igniting new era web growth mass adoption creator
126,oras onchain ai oracle available ethereum mainnet
127,tron dominates nearly illicit crypto activity trm lab report
128,two week till launch scorpion casino scorp prepares market debut
129,b u treasury note tokenized public blockchains
130,justin sun deposit eth restaking protocol etherfi
131,blackrock creates tokenized asset fund sec filing show
132,protocol village layer n modulus unveil ai function tool use application
133,bitcoin cash rally ahead bch halving bitcoin steady around k
134,canonical crack crypto con following snap store scam spree
135,protocol village morph evm raise seed round led dragonfly
136,layer blockchain mantle token hit alltime high reward system go live
137,sygnum tokenizes fidelity international fund matter lab move reserve blockchain
138,google websuche google indexiert bitcoinwallets lsst kontostand der wallet abfragen screenshot
139,exploring cryptos billiondollar blockchains user
140,se informa que el vc de marc andreessen estuvo detrs del desastroso giro hacia la criptomonedas de kickstarter
141,new cloud attack target crypto cdn meson ahead launch
142,u target crypto firm aiding russia sanction evasion
143,micron get ai bump stock rise record high midday market roundup
144,ehereums dencun upgrade leap toward cheaper decentralized application
145,serverless bulletproof web site de webblocks webscalerai
146,hsbcs gold token go live retail investor hong kong
147,solana leapfrog ethereum dex volume
148,etherfis ethfi jump record may boost valuation liquid restaking token airdrop analyst
149,u uk issue joint sanction hamasaligned gaza
150,future real world asset management blockchain americana digital wallet get physical
151,blockchains upend economy scale
152,ethereum could face hidden risk ballooning restaking market coinbase
153,layer blockchain peaq raise expand depin ecosystem
154,eu watchdog say reordering blockchain transaction might market abuse industry say
155,coinbase benefit longterm adoption blockchain technology oppenheimer
156,h ano que blockchain promete revolucionar finanas e deu agora um grande passo
157,blackrocks tokenized fund quickly rake right behind franklin templetons older offering
158,best blockchain bitcoin etf
159,ethereum blockchain count dencun upgrade set reduce fee
160,bob hybrid layer blockchain mixing bitcoin ethereum raise
161,myshell blockchain platform building ai girlfriend productivity apps raise
162,airdrop marketing genius fueling crypto renaissance
163,developer upload script jerry seinfelds bee movie ethereum gas fee plunge dencun
164,meme coin degen chain flourish new layer rack million volume
165,coinbase revealed backing blackrocks trillion crypto gamechanger bitcoin ethereum xrp price pump
166,fed trigger huge bitcoin price pump blackrock quietly launch trillion gamechanger could boost ethereum xrp crypto
167,internet ber eine milliarde euro cyberkriminelle weltweit
168,keeping sensitive data safe phone stolen
169,ripple usdpegged stablecoin initiative target rising market demand
170,tether launch usdt celo targeting increased usability
171,exploiter breach dolomite security drain million
172,revolutionizing memory care
173,navigating future payment trend european enterprise payment solution
174,uk endorses firm collaboration tokenization strategy
175,satoshidex launching world first dex bitcoin surpassing fundraising
176,dogwifhat price forecast wif eye high amid crypto market volatility
177,best web wallet jumpstart crypto journey
178,rethinking healthcare tech data analytics strategy
179,citi brazilian development bank join hyperledger foundation
180,meme coin strongly correlated network growth franklin templeton
181,binance charity child hero aid ukrainian waraffected kid
182,xrp price ready hit breakout rally
183,avax price signal trend reversal ready touch
184,nibiru airdrop verification deadline march here claim reward
185,top lowcap altcoin turn march end
186,memecoin mania reconkning floki bonk shib follow doge price rally
187,trader record x gain early new memecoin base lookonchain
188,worldcoin say filing legal challenge spain temporary ban
189,planet refi kick new era soccersavvy alex avellamet cmo
190,nuggetrush presale raise million amid price stabilization cardano avalanche
191,exploring dark side meme presales insight unveil shocking number rugpulls solana
192,rwa token rally polyx cfg propc ondo prop skyrocket
193,wax partner amazon aws cloud development kit
194,plot twist munchables hacker return million stolen fund
195,injective price prediction next milestone end april
196,bitcoin ethereum xrp price prediction week whats store
197,crypto bull run igniting web creator economy
198,phoenix llm revive decadeold vision search via sejournal kevinindig
199,etherfi introduce ethfi token binance launchpool next week
200,etherfi introduce ethfi token binance launchpool next week
201,protocol meme coin pepes best friend swarm coinbase layer chain
202,telegram empezar ganar dinero en
203,reason wouldnt touch artificial intelligence ai stock nvidia foot pole right
204,bitcoin price prediction btc price hit level next month
205,ripple v sec legal expert shed light potential outcome
206,price k matter say adam back
207,ripple partner tranglos xrp use odl ignites controversy
208,santillana move career beat forbes
209,memecoins outperform crypto best button bitcoin etf
210,ethereum cofounder vitalik buterin criticizes ongoing meme coin frenzy
211,vitalik buterin arthur hayes weigh memecoin frenzy
212,doge shib meme coin prep next surge
213,top ai token resurge april
214,bitcoin cash halving reward reduction spark bch price resurgence
215,bnb chain q financials soar previous quarter
216,cathie wood ark invest portfolio invested growth stock
217,ripple move stablecoins raise key question xrps future
218,cardano launch usdm stablecoin united state march
219,defi disruptors cryptos change face finance
220,wcbdc important hong kong
221,rodai solana token surge march
222,bome price rally binance announcement
223,gala price eye breakout massive surge
224,report reveals overheated bull market sign correction imminent
225,sec demand ripple pay billion damage
226,munchables hacker return stolen crypto fund worth million
227,crypto miner sell data center share plunge
228,microstrategy finalizes convertible senior note offering due
229,hong kong smes eager adopt ai robotics technology hsbc survey
230,bitcoinpowered altcoin skyrocket week rest market corrects
231,xrp price whale shuffle mln coin echoing frenzy whats next
232,bch price analysis bitcoin cash hit week
233,ripple v sec expect xrp lawsuit april
234,ripple announces launch stablecoin pegged u dollar
235,peter brandt slam outrageous ethereum gas postdencun upgrade
236,avail partner dwallet network introduce native bitcoin rollups web
237,dex volume despite network struggle
238,solana failure rate skyrocket bot take
239,near price base offer buy dip moment
240,hong kongs top bank initiate talk stablecoin cash reserve whats next
241,hacker involved million wormhole exploit eligible airdrop
242,probably one bitcoin
243,wyoming new dao bill give crypto boost sweep internet incumbent
244,lithuanialicensed crypto bank meld offer tokenized rwas retail investor
245,solanas yakovenko welcome meme coin trader nothing better
246,solanabased crypto exchange drift plan prelaunch market new token
247,interessenkonflikt blockchainstudie die grenzwertige doppelrolle eines szautors
248,new fund aim scale bitcoinaligned project india
249,messis limited edition join planet rwa hit planet website march
250,top bitcoin layer project
251,google update search start showing crypto wallet balance across bitcoin evm network arbitrum avalanche fantom optimism polygon
252,ubisoft nvidia working together aigenerated npc upcoming game
253,kryptoplanet champion asia web future buidl asia eth seoul
254,top crypto event week march thth cpi ethereum upgrade
255,introducing cksol galactic bridge
256,dogwifhat meme sold gcr wif price rally
257,jpmorgan ceo issue shock bitcoin reversal million price prediction suddenly pulled forward
258,blackrocks trillion tokenization vision future real world asset
259,pourquoi certains bitcoins sont plus rares que dautres
260,wall street giant test blockchain capital market
261,solana meme coin strike underdog meme coin challenge crypto titan like doge
262,terraform lab civil fraud trial set begin new york
263,economist alex krger bullish one undertheradar layerone altcoin say crypto get crazier
264,gaming revolution wilder world launch epic game store pioneering metaverse
265,ethereum activates dencun upgrade landmark move reduce data fee
266,arthur hayes defends memecoins valuable contributor blockchain network
267,international freight equipment transport demystified
268,blackrocks larry fink bullish bitcoin spot bitcoin etf fly past billion
269,quer aprender programao e ia veja cursos gratuitos samsung ocean para abril
270,eu weighs blockchain mev market abuse
271,justice served people saying sam bankmanfrieds prison sentence
272,vnements web ne pa manquer en avril
273,amazon web service aws como comear usar
274,fantoms ftm best performing nonmeme token past day
275,iim lucknow launch course ai business digital transformation
276,blackrock enters asset tokenization race new fund ethereum network
277,explaystation bos belief playstation overspending underdistributing
278,year ai data steal show
279,avalanche foundation snap kimbo coq three token first meme coin investment
280,dogwifhat price way
281,joe biden quietly planning kill crypto destroy billion dollar value huge bitcoin ethereum xrp solana price surge
282,moonelon musk make dramatic return crypto front line amid unprecedented trillion price boom thats boosted bitcoin ethereum xrp solana dogecoin
283,kucoin withdrawal spike b crypto amid u regulatory clampdown
284,north korean hacker laundering million worth crypto sanctioned mixer
285,protocol ethereums dencun update cracked
286,bitcoin virtual machine soon let user create ai model bitcoin network
287,profissionais de tecnologia descubra sete carreiras em ascenso
288,biggest bank heist history coming
289,blockchain payment network zone raise million
290,telegram allows channel owner earn revenue ad sub
291,protocol using money printer
292,removed
293,ubisoft bos generative ai another new technology tested
294,los mineros de bitcoin de eeuu tienen un montn de equipos obsoletos los estn enviando frica sudamrica
295,vitalik buterin critique le solution de niveau
296,craig wright lleva aos diciendo ser satoshi nakamoto la justicia pone fin al debate e el creador de bitcoin
297,businessman blew moviepass tried create tiktok killer cost investor million
298,elon musk tesla spacex bitcoin holding worth b half million profit
299,graph expands subgraph blockchains including arbitrum base
