recommended,story
awareness,share,contest,let,thread,knowledge,gelios,win,raise
basic,rust,stepbystep,implementing,structure,breakdown,setup,provides,article,initial,block
madara,using,deploy,karnot,node,avail,clash,appchain,testnet
part,first,ire,farewell,phase,bid,dedicated,update,campaign,airdrop,nothing,early,supporter,ecosystem
think,appropriate,satoshi,lost,upon,search,new,nakamoto,blast,nearly,past,key,year,u,article,launched,given
crypto,platform,coin,swing,token,interested,opportunity,strategy,every,various,binance,week,trading,new,day,offering,money,rich,listed,newly,make,could
crypto,degree,lifechanging,thats,coin,x,asymmetry,ai,recent,accidentally,musk,thing,like,elon,certain,day,information,money,one,rent,thanks,there,large
highlight,crypto,part,epic,increase,page,imho,thesis,published,december,clocking,messaris
adding,stepbystep,qualify,good,reference,airdrop,pryzm,going,article,guide,list,ninja,ensure,future
identity,using,email,pretty,easytouse,like,logical,solution,idea,proton,sound,smart,verify,verifying,address
momentum,exciting,full,member,february,preview,update,investor,bringing,many,new,cryptopia,phenomenal,roundup,january,series
situation,adult,contemporary,political,watching,implication,man,death,old,geopoliticus,future
let,edge,really,market,work,see,sandwich,mev,bot
shift,failure,vibe,sometimes,cause,predicted,dollar,web,marketing,arent,enough,billion
exploration,smh,spacemesh,people,coin
balanceai,february,report,weekly
nfts,token,news,project,least,ever,nft,surprising,worthless,future
run,minute,berachain,node
possibly,crypto,trade,wrong,go,could,eyeball,shouldnt
week,dymension,first,successfully,pt,rollapp,opportunity,node,deploying,validator,set,avail,become,ago,missed,official,four,unfortunately
overview,leaderboardbased,storyfire,program,reward,ambassador
fact,wonderful,far,overflowing,portrayed,often,thats,open,still,here,wide,creative,internet
happy,rejoice,live,public,day,youre,artio,begun,bera,arrived,one,era,reading,berachain,testnet
network,dimecoin,overview,staking,explained
decentralized,dispute,justice,intersection,ddr,resolution,courtroom,decentralization
protocol,nots,note,rubxz,posh,patch
week,think,talking,lead,security,planning,michal,language,aint,discus,ago,resonance,engineer
mainnet,saga,launch,technical,saganauts,plan,hello
bch,token,dappradar,bitcoin,comprehensive,secure,airdrop,open,get,looking,guide,learn,cash
scale,model,rise,protocolbased,infinite,defensible,towards
sttia,collaborating,hub,expand,expansion,expands,liquid,staking,hyperlane,premier,modular,excited,announce,stride,ecosystem
ai,revolution,sys,massively,syscoin,capitalising,explosive,find,article,big,growth,lab,theyre,superdapp
starting,important,world,upend,story,understand,web,phenomenon,growing,business,series
v,earn,crypto,free,portal,let,efficient,search,new,airdrop,find,leveling,launched,use,hunting
nfts,youll,using,solidity,knowledge,mint,programmatically,alchemy,article,learn,pinata
though,crypto,infancy,weve,industry,next,narrative,whole,still,looking,big,fit,true,cryptocurrency,productmarket,depin
eligibility,mavia,hero,airdrop,tutorial
nfts,pixelated,technology,fully,party,toxic
crypto,way,market,thing,today,explode,reason,next,big,coming
easy,ride,crypto,token,project,hottest,capitalize,telling,included,strategy,invest,portfolio,narrative,plan,get,everyone,here
approach,exploration,conception,web,different,privacy
stepbystep,node,liquidity,mangata,omnichain,setup,connecting,guide,vision,finance,ecosystem
token,biggest,mavia,airdrop,going
nfts,joke,usecase,toilet,bad,poop,flush,game,finally,money,one,sewer
crypto,check,project,mold,pumping,influencers,got,breaking,unique,bag,youve,pump
backed,animoca,let,blog,start,confirmed,must,airdrop,join,moca,okx
crypto,advantage,tradeoff,abstraction,account,new,object,worth,shiny
bittensor,decentralized,network,overview,shaping,join,bittensors,ml,ait,neural
exciting,free,resource,want,defi,development,diving,volume,yet,cut,learn,overwhelming,sheer
typescript,system,raft,tool,implementation,handson,powerful,consensus,achieving,distributed,algorithm
holesky,installed,configuration,node,freshly,vps,setup,cover,rpc,client,guide,taiko,ethereum,server
store,data,merkle,immutable,tree,implementation,transaction,proof,inclusion
thought,root,crypto,back,literally,sitting,trying,released,listening,odyssey,figure,going,im,sum,future
rmm,v,proud,disclose,launch,work,public,many,official,month
society,malicious,age,leak,digital,dat,solution,today,concern,data,increase,many,attack,increasing,cyber,project,security,becoming,benefit,depin
digital,anything,crypto,actually,backed,binances,figuring,wrong,youre,industry,asking,question,asset,careful,probably,obsessed,billion
designed,feature,unique,ibgt,evmcompatible,mechanism,layer,liquid,staking,proofofliquidity,pol,resistance,understanding,berachain,sybil,future
rjs,week,market,february,ahead,stay,bitcoin,newsletter
week,investment,stage,many,published,activity,report,emerging,web,amongst,latest,tech,early,pitchbook,indicator,startup,eti,track
basic,financial,chaos,bitcoin,chapter
week,february,update,feb,st,gnoland,gnodesk,ecosystem
march,crypto,signaling,dotcom,composite,high,th,rational,bubble,growing,nasdaq,optimism,peak,index,x,time,hit
v,deep,everything,tx,lifecycle,know,assumption,architecture,need,layerzero,dive,trust
immersive,raca,engagement,metaverse,platform,pleased,web,available,discovery,magic,announce,square,usm
way,building,build,work,fastest,learn,one
v,second,fuel,specifically,fuelet,intro,monolithic,read,article,modular,series
adopter,urgent,ending,synth,hour,join,early
first,impacted,using,bb,ux,solution,industry,likely,web,application,inform,going,use,right,research,here
exciting,token,thrilling,epic,ton,protocol,community,new,awaits,offer,adventure,holder,phoenix,quest,reward,gmee
referral,fostering,governance,innovation,collaboration,founder,node,system,incentive,spirit,within,proposal,new,usage,presented,gala,ecosystem
bar,beach,back,patio,whats,edge,metaverse,fin,next,learned,built
recently,earn,eth,founder,solution,layer,yield,blast,blur,ensure,access,early,born,testnet,need,launched,native,pacman
network,hiring,monoswap,blast,best,testnet,one,ecosystem
ice,crypto,collapse,another,eroded,age,become,player,big,winter,trust
prediction,ethereum,price,eth
building,managing,director,discussion,maria,learned,interchains,interchain,internet,gomez
ftx,model,cryptocurrencies,collapse,fault,matter,fiat,bad,business,done,currency,cryptocurrency,fraud
innovation,correcting,web,mindset,unblock,manifesto
puri,project,quick,overview,came,announced,plan,currently,guide,brief
visalike,solve,problem,people,race,transaction,scalability,here,speed,yes
crypto,journey,website,several,investor,mind,youre,make,number,beginner,trader,mobile,blow,apps,amazing,whether,application,hello
token,claim,full,mavia,hero,airdrop,coin,guide
service,way,build,matter,there,better,forgotten,internet,weve,decentralization
entire,potential,adding,nft,libertas,usecase,indicate,planning,fun,airdrop,twist,unveiled,leak,creating,something,zksync,omnibus,special
crypto,purchase,need,everything,know,method,master,guide,learn,discover,buy
experiment,ive,user,million,hundred,used,spent,written,year,software,resolution,developer,bitcoin
ready,honey,testnet,embark,journey,berachain,beary,special
eligible,stepbystep,claim,vet,airdrop,guide,vechain
owner,nfts,lost,nft,million,another,value,paul,essentially,worth,nothing,logan,collection,he
lumistakes,boundary,reshape,staking,sharenewsio,team,latest,breaking,landscape,editorial,upgrade
origin,morphys,spirit,morphy,aspiration,symbol,represents,morph,creative,adventurous
cooky,think,brand,anonymous,common,soul,metaverse,advertiser,place,know,le,web,look
token,exploring,bushra,credit,potential,time,image
first,crypto,crazy,cryptocurrencies,gold,rush,story,miner,allin,mining,went,true,bitcoin
youll,tier,stake,gain,least,system,work,invest,chance,ido,need,one,gainspad
power,airdrop,ledger,get,guide,powr
mean,celebrating,burned,anniversary,know,th,story,right,online,player,time,ultima,house
v,case,chain,name,one,wallet,use,cluster,layerzero,live
finance,unlocking,vast,beyond,generation,exploring,next,healthcare,application,revolutionary,potential,energy,bitcoin
relation,crypto,n,policy,director,working,executive,market,poulson,jaffer,government,public,manager,show,nsi,jamil,founder,correction,john
drex,massive,bank,thing,throwing,central,curveball,new,getting,called,brazil,money,gringo,scene,shakeup
oracle,world,introduction,bringing,real,magic,redstone
life,first,condition,digitally,process,ever,leveraging,technology,recreate,possible,web,necessary,time,exist
halving,work,bitcoin,needed
exciting,dear,member,community,thrilled,partner,partnership,coldstack,inery,announce
case,answer,identity,reclaiming,human,authenticating,web,robot,im,defending,bot,coming,swarm
crypto,shared,update,strategy,retirement,plan,end,year,retiring,january,coming
cryptocurrencies,community,emerge,honey,game,unique,trustline,opportunity,everevolving,frequently,enabling,airdrop,captivating,xdbee,guide,one,stepbystep,claim,landscape
celsius,decentralized,userfriendly,floater,dapps,arrow,make,feel,three,next,happens,apps,whoever,babel,finance
put,way,experiencing,simply,generation,world,used,next,beginner,web,departure,online,guide,unlike,internet
content,dymension,stake,table,yieldmos,autocompound
desoc,desocs,talk,dark,proposed,element,heart
minimalistic,villa,community,rental,platform,rentspace,digital,space,launch,new,asset,collection,nft,offer,rentspaces,property,get,looking,nextgeneration
pioneering,decentralized,innovation,crypto,career,opportunity,solution,path,jobfy,transparency,revolutionize,employment,unlock,enhanced,meet,future
twitter,may,want,public,ledger,musk,yes
though,solana,ethereum,eth,least,even,reason,still,five,profitable,prefer
potential,crypto,want,dappradar,ton,hidden,popularity,youre,airdrop,place,right,continues,get,insider,unlocking,toncoin,soar
token,neumann,elevate,world,comeback,tour,start,nature,adam,goddess
echo,token,investment,top,gain,tale,million,world,lifechanging,dollar,make,everevolving,astronomical,year,stand,cryptocurrency
poised,federal,ai,revolution,machine,federated,strategy,fl,revolutionize,prediction,price,learning,unlocking,cryptocurrency,enter,distributed,future
unlikely,anything,renewable,renewables,towards,help,myth,bitcoin,pushing
bitmaptech,february,invest,enabcde,bman,rd
solana,programmed,level,euphoria,introducing,max,smax
good,sound,lunacy,true,probably,explained,stablecoin,terrausd
create,farcaster,decentralized,cast,onchain,turn,interactive,frame,app
pyzik,want,ethernity,know,team,jakub,get,u,meet
part,economist,ii,good,let,take,reason,dont,look,bitcoin,like
way,sunminer,must,hey,cloud,proof,per,easy,day,know,mining,show,money,title,talk,withdrawal,make,online,article
gendercritical,terf,rabbit,controversial,much,ever,deeper,hole,go,wondered,meet,terfs,exactly
user,edge,terrible,cutting,grumpiness,interface,hubris,web,suck,contributing,tech,experience
perspective,think,reaction,byzantine,solves,strong,generate,buzzword,software,topic,architecture,time
crypto,qualify,mavia,hero,instruction,airdrop,get
think,way,contract,engineering,behind,bad,uncovering,smart,dumber
token,ai,governance,rewarded,opportunity,utility,anyone,participate,enabling,shape,agix,provides,growing,landscape,singularitynets,future
model,data,multiple,oracle,selfsustaining,meld,solution,l,uxfocused,onchained,novel,explorer,block,nodeincentives
sake,lost,listed,nft,million,value,jack,selling,firsttweet,dorseys,buying
never,crypto,artificial,technology,metaverse,vrxr,emerging,game,thing,intelligence
checkdot,devnet,journey,unexpected
golden,crypto,batch,netflix,grifter,crime,modern,next,age,creating,series,unhinged,fraud
pioneering,overview,evernode,become,host
free,token,airdrop,get,alt
opportunity,idea,six,nimbyism,fix,education,younger,could,higher,rescue,here,killing,folk
deep,monaco,protocol,market,predictive,dive
pixabay,photo,game,playtoearnpe
digital,doesnt,million,milliondollar,estate,real,make,sense,despite,land,infinite,buying,boom
earn,rbnt,community,introduction,work,redbelly,coin,program
v,cake,princess,solution,asked,l,subnets,layer,longer,web,cant,best,ask,avalanche,question,killed,piece
contract,tornado,world,dive,zeroknowledge,proof,smart,code,understanding,cash,source
decentralized,project,top,network,hottest,trend,collapse,infrastructure,mainstream,web,become,year,one,bring,depin
free,want,dappradar,terra,classic,strategy,revealed,youre,airdrop,place,popularity,right,continues,get,unlock,lunc,claiming
stupider,nfts,think,investing,much,stupid,arent,theyre,like
investment,top,market,opportunity,emerge,among,investor,new,today,excitement,best,creating,evolves,cryptos,potential,cryptocurrency
innovation,contract,fertile,nft,accessibility,creation,providing,path,liquidity,platform,forefront,smart,leading,ground,ethereum,erc
great,origin,reformation,technology,story,u,tell,cryptocurrency,future
udemy,course,top,free,site,legit,download,paid,get
crypto,claim,market,actual,airdrop,correction,three,became,available,information,active
v,first,development,avishay,dr,haloani,written,achieved,coti,milestone,nir,yanai
solana,around,answer,commonly,buzz,found,everything,weve,asked,airdrop,know,there,question,jupiter,thing,need,qa
society,impact,raca,technology,combination,promoted,potential
digital,resident,perk,exploring,program,residency,palau
eigenlayer,today,get,airdrop
token,two,refer,tale,renq,scam,came,legitimacy,questioned,response,retik,team,article,finance
token,comprehensive,ada,cardano,airdrop,tutorial
development,unveiling,thrilled,introduction,launchpad,apebond,announce,groundbreaking,ecosystem
accumulate,technological,committee,protocol,present,core,pleased,review,year,progress
digital,unlocked,innovation,opportunity,onchain,technology,handbook,new,possibility,offering,investigation,however,awesome,unprecedented,era
dym,dymension,airdrop,get,tutorial,complete
standard,setting,morphs,morph,redefine,solution,consumercentric,testnet,announce,transformative,launch,thrilled,public,new,join,layer,u,live,designed,go
contract,auditing,smart,intro
solana,destination,gaming,enthusiast,development,fellow,next,game,embracing,developer,future,hey
fake,link,website,careful,airdrop,blast,environment,testnet,fast,need
framework,token,decentralized,network,dedicated,development,setting,vitalik,buterin,opensource,ethereum,launched,erc
first,giveaway,discord,created,atlas,platform,intro,weve,tool,manage,thirdparty,sodark,alphabot,subber
claim,full,mavia,hero,airdrop,guide
trade,trading,merkle,tldr,overview,incentive,season
nft,genesis,work,staking,x,guide,reward
massive,chain,airdrop,nibiru,live
disruptive,ai,two,chain,artificial,technology,layer,computing,field,superchain,intelligence,built,time,swan,transformative,op
dappradar,claim,using,process,advantage,today,strategy,delve,curious,airdrop,obtaining,eos,acquiring
care,mainnet,income,koii,paid,q,tier,support,work,computer,binance,put,node,featured,passive,organization,potential,exchange,get
token,crypto,beacon,cryptocurrencies,community,world,strength,batman,empowerment,amazing,stand,meme,champion
basic,blog,work,comprehensive,understand,beginner,web,best,implement,guide,learn
free,link,claim,revolution,want,dappradar,popularity,youre,airdrop,join,place,right,continues,get,chainlink
shift,connection,together,let,outline,build,community,venture,entertainment,new,supervillains,call,lucas,vision,lab,supervillain,cofounder
dym,dymension,massive,airdrop,live
following,update,command,vps,executing,run
enduser,network,chavinci,created,technology,layer,bring,ecosystem
popularity,apps,importance,overlook,v,rust,today,language,tech,growing,programming,solidity,practicality,web,one,choose,technology,landscape
case,decentralized,governance,link,previous,blog,daos,involved,successful,study,getting,operate,explained,benefit,action
complete,project,value,sodark,explanation
sia,grant,monthly,update,proposal,program,status,january
bitcoin,btc,end,stop,era,documentary
claim,easy,beam,airdrop
extractable,network,chain,oracle,oev,onchain,announcing,value,capture,solution,related,update,every,dapp,recapture,mev,zkrollup
claim,airdrop,multibit,tutorial,going,mubi
type,understanding,consensus,explained,mechanism,major,different,algorithm
massive,airdrop,fantom,ftm,live
live,karak,restaked,testnet,secured,slashproof,future
ai,want,government,using,process,build,automation,computing,ideal,state,tell,digitalization,article,management,distributed
node,operator,asked,faq,liquidity,provider,stakers,ultimate,question,frequently,alephim
program,unleash,inner,architect,lagging,builder,syntropy,concern,centralized,internet,future,challenge,bottleneck,building,know,face,speed,security,everpresent
give,welcome,peek,even,meld,behind,diary,making,curtain,see,better,dev,meldapp,hello
author,annual,ranking,report,web,rootdata,research
company,important,world,worth,peace,risking
token,governance,stake,lavita,critical,subchain,role,secure,staking,wallet,mobile,theta,help,decentralization,govern,play
deepening,solution,problem,legitimacy,state
roadmap,preview,update,proposal,eip,ethereum
gitcoin,news,obtained,using,guild,role,certain,couple,begun,passport,seen,zksync,added
scf,input,startup,community,support,openapplication,draw,recap,award,program,fund,developer,stellar
free,crypto,claim,network,distribution,token,stakeholder,promotional,airdrop,bluefin,represents,event,guide,target,existing
corridor,ai,redefine,quiet,revolution,bedrock,daos,system,one,patient,trust,healthcare,convergence,global,promise,brew,revolutionizing
eligible,airdrop,jup,tutorial,get,jupiter
back,full,suppose,take,update,gas,see,transaction,fee,guide,zksync,era
decentralized,free,platform,join,firewall,cant,read,go,article,warpcast
v,token,stepbystep,migration,om,click,guide,migrate
token,page,airdrop,orchid,guide,enter,complete
want,project,super,cake,system,tough,jumping,whitelist,get,everyone,lottery,hyped,piece,gainspad
claim,treasure,airdrop,tutorial,magic
roadmap,pixelrealm,whats,ahead,recap,year
swapmode,decentralized,evolving,network,defi,transformation,liquidity,concentrated,real,yield,mode,forefront,premier,finance,landscape,revolutionizing
dappradar,process,advantage,optimizing,reward,strategy,exploring,airdrop,obtaining,uncover,powr,powerledger
week,winees,registration,alpha,thrilled,one,closed,testing,announce,call,program,early,response,overwhelming,reward
neptune,mechanic,unveiling,aeroscraper,finance
slocobet,development,plan,kai
anything,site,instantcrypto,get,online,secret,risking,without
v,token,via,started,holder,migration,platform,official,except,mexc,migrate,megaland
impact,unveiling,review,tapestry,january
easily,stepbystep,deploy,build,node,minute,aleo,knowledge,code,guide,run,need
gold,btg,comprehensive,airdrop,tutorial,qualifying,get,bitcoin
evm,highly,cost,energy,century,fast,quai,highthroughput,network,low,secure,layer,st,money,compatible,designed,based,scalable
echo,trend,enduring,skeuomorphic,concept,recur,journey,previous,metaverse,internet,dynamic,certain,design,philosophy,web,early,one,era,mirroring,technology,past,realm
roadmap,whats,recap,q,happened,coming
strategie,token,pixelmon,airdrop
token,full,xtz,airdrop,tutorial,tezos
adding,cryptocurrencies,million,market,take,altcoin,youre,make,lowcap,portfolio,getting,x,probably,potential,reading,post
way,among,instruction,set,booming,executed,smart,thirdparty,need,intermediary,centralized,without,decentralized,let,nowadays,buzzword,contract,technology,techie,dive
unmasking,really,mystery,cryptocurrency,track,bitcoin
token,traversing,chronotechs,defi,recruitment,landscape,time
welcome,hi,app,limonation,limoverse
token,edx,presale,doesnt,inviting,exclusive,join,blazing,trail,early,edexa,participation,piece,future
userfriendly,user,created,starcoin,facilitate,mining,tutorial,testnet,experience,simple,program,allows
technological,innovation,revolution,metamorphosis,horizon,financial,undergoing,beyond,precipice,driven,stand,finance,glimpse,landscape,future
aleo,possible,q,token,say,pointing,ambassador,whisper,launch,comprehensive,team,remarkable,guide,navigating,several,interaction,aleos,funding
course,crypto,cryptocurrencies,regarding,scrutiny,transaction,finance,future,born,building,faced,greener,sustainable,increasing,promise,charting,amidst,democratizing,revolutionizing
dyor,earn,shelltrade,shell,program,month,ambassador
economy,part,october,caleb,new,dawn
instantly,solana,free,token,claim,giveaway,incentivize,new,airdrop,sol,wallet,participation,event,holder,distributed
around,recent,cryptocurrencies,phishing,security,scam,sniffer,stole,million,watch,red,flag,attack,report,web,firm,worth,estimate
care,mev,working,industry,shifting,dont,get,bigger,sandwiched,thing,inner,coming
crypto,profit,million,defi,investor,making,frontrunning,gray,area,mev,bot,squeezing
free,crypto,claim,network,manta,refers,distribution,token,adopter,eligible,receive,airdrop,early,participant
using,user,whilst,simply,yesterday,strikex,beginning,new,wallet,airdrop,initiative,marked,increasing,rewarding,adoption,aimed,reward
nfts,decentralized,innovation,selfexecuting,contract,defi,shaping,core,whirlwind,smart,code,finance,landscape,ecosystem
decentralized,ai,challenge,deep,include,technology,update,bgi,workshop,council,supervisory,latest,january,fund,singularitynet,ecosystem
standard,realworld,tokenization,however,year,seen,digital,token,recent,tradable,dual,layer,explosive,transforming,asset,growth,erc,world,unveiling
symphony,defi,introduction,trust,stability,decentralization,revolutionizing
farcaster,serious,least,covered,quite,hold,many,hat,however,x,fomo,im,extensively,confident,heard
dydx,claim,stepbystep,airdrop,guide
eyewatering,nfts,token,hype,nonfungible,beyond,world,captivating,headline,exploded,price,still,dizzying,tag,thing,scene,onto
first,dead,wake,support,failing,one,find,however,many,people,finally,neo,perhaps,oldest,arguing,smartcontracts,yes
roadmap,charting,course,network,share,far,lie,today,updated,ahead,tokenomics,schedule,foreon,journey,excited,vesting,progress
solana,crypto,free,claim,token,airdrop,sol
data,ownership,dop,protocol,confirmed,airdrop,official,binance
earn,crypto,token,free,refers,distribution,user,network,arbitrum,adopter,airdrop,arb,early,reward
restaking,significance,build,second,staking,educational,series,piece,ecosystem
check,free,claim,eligibility,distribution,token,user,arbitrum,network,adopter,airdrop,within,arb,early,participant,reward
create,basic,stepbystep,scratch,building,technology,python,instruction,learn
claim,full,airdrop,tutorial,bera,berachain
basic,part,pattern,blog,engineering,arcanum,api,vue,written,prabhu,composition,developer,series,shrinath,frontend
sui,possibility,discover,empowering,future
