sui,service,user,integration,gaming,simplify,seamless,infrastructure,provider,onboarding,announced,stardust,team,web,acquisition
fan,community,platform,palaye,profitable,direct,build,harlow,music,profit,medallion,connect,jack,web,royale,help,using,sale,technology,artist,mith,online
round,designed,million,infrastructure,provider,layer,announced,avail,ecosystem,web,seed,funding,unify,raise
appeared,age,first,ai,advertising,recent,readwrite,label,maker,scottish,yearold,scotch,brand,part,artificial,campaign,use,whiskey,intelligence,post,glenlivet,enters,produced,generated
moonbeam,network,gaming,move,industry,moving,web,partnership,game,studio,animo
read,going,great,entire,nonspeculative,single,book,solution,dixons,provided,chris,famereviews,white,dixon,service,fact,web,fails,write,identify,successfully,project,whiteof,molly,review,throughout
bibel,berzeugende,eine,von,read,link,prominente,blockchainlsungen,dixons,buchrezension,chris,dixon,missing,liefert,prediger,fr,mit,write,kryptorisikokapitalgeber,der,wenig
flow,crypto,largely,fund,study,global,billion,network,lead,criminal,new,pigbutchering,operating,theyre,organized,author,much,scam,said,exchange,tracked,estimate,loss,large,unscathed,victim
fivefold,volume,exec,cofounder,company,stake,ownership,kobayashis,metaverse,stock,earlyworks,soar,massive,disclose,increased,focus,nft,ceo,technology
check,pull,teaxyz,include,change,pr,tea,please,description,clear,awesome,code,got,explained,spam,u,project,thanks,commit,cause,usecase,there,open,request,flood,list,source
incluso,aos,criptomoneda,ilusiona,vuelto,alto,ser,noticia,por,con,do,ya,encima,tendencia,alcista,bitcoin,mira,m,mercado,su,activo,rompa,tras,mantenga,explicamos,qu,ha,cotizar,lo,punto,dlares,puesto,precio,alcanz,te
journal,appli,paid,peter,year,billionaire,offered,program,company,pay,report,tech,school,start,since,thiel,happened,drop,college,street,wall,backed,nonprofit,investor,people,student
digital,news,important,crypto,whats,horizon,record,high,move,likely,ether,year,look,asset,here,weekly,hit
service,first,dispute,amid,appeared,readwrite,announced,discontinue,according,nigeria,legal,amidst,stop,reportedly,currency,binance,ongoing,post
crypto,upcoming,ideal,according,cryptocurrency,previous,historically,market,viewed,bitcoin,differs,bitcoins,even,face,setup,one,cycle,april,observer,expected,event,cryptos,halving,bullish,halvings
datos,bloquear,recopilando,espaoles,aepd,hasta,hecho,podr,ltimos,escanear,por,iris,boquea,ciudadanos,haya,worldcoin,momento,me,espaola,proteccin,totalmente,prohbe,agencia,tool,recopilado,informacin,ha,c,seguir,humanity,sus,empresa,espaa,toda,operaciones,viral
crypto,apple,meant,wallet,rabby,latest,dollar,teamthe,appsapples,already,thousand,fake,service,safe,app,correctly,requirement,schiller,alternative,store,eu,failure,purporting,scam,phil,stolen,review,said
company,quickly,choice,region,reduction,attracting,market,support,becoming,many,singapore,firm,commitment,global,location,carbon
hype,regulatory,standardization,need,innovation,recent,scandal,relatively,like,network,suffered,utility,primetime,safe,mistrust,functionality,robustness,ready,technology,demonstrated,plenty
crypto,tron,support,usdc,firm,end,circle,stablecoin
vor,fahrt,diese,blockchaintechnologie,hat,blockchaintrends,auf,dir,durch,job,techjobs,bereich,bitcoin,drei,wir,andere,kennen,nehmen,mchtig,bekanntheit,basis,wichtigsten,musst,die,spannende,und,entwicklungen,k,du,der,allgemeine,diesem,stellen,allem,sowie
news,want,much,job,role,remote,wont,working,anyone,leverage,software,code,come,engineer,surprise,living
decentralized,ai,openais,project,lead,bittensor,gensyn,development,leveraging,rival,accelerate,emerging,oort,benefit,decentralization,like
authenticity,approach,saas,assurance,harnessing,role,validating,legal,innovative,digital,notarization,development,bridging,ensuring,forefront,stand,potential,electronic,play,pivotal,technology,signature
powered,set,pilot,member,today,napoleon,tech,series,highprofile,reunites,launch,dynamite,cyko,reuniting,also,retroinspired,animated,show,exclusive,notable,cast,several,ko
zwischen,malware,bei,tod,leben,github,taurusleak,statt,fragen,mogilevichcyberkriminellen,forschung,gestndnis,zur,nach,grenze,montag,mit,taurusabhrskandal,betrug,und,der,sicherheitsfragen,vielen,ransomwarecyberangriff
revenue,telegram,paid,introducing,sharing,toncoin,reward,copelandthe,copeland,system,nearly,pay,split,launch,tim,owner,using,ad,country,channel,block
no,una,llavero,tambin,mltiples,encontrars,realidad,esta,tecnologa,por,telefnica,inmersiva,conocer,con,repasando,avances,del,centenario,servir,virtual,continuamos,blindar,tras,presentadas,conseguidos,ventajas,para,lo,algunas,novedades,encontramos,pero,sus,dirigida,mwc,toda,industria,son,solucin
mean,think,actually,reward,investor,push,occurs,miner,every,year,price,higher,four,halving,reduce,bitcoin
etf,sell,investment,much,retail,financial,investor,new,know,learn,tax,need,adviser,bitcoin,buy
first,want,solid,work,everything,know,coin,need,cryptocurrency,explanation,buy
temporary,spain,protection,must,ordered,stop,market,temporarily,concern,worldcoin,privacy,collecting,ban,data,authority,processing,also,hit,personal
challenge,evolving,data,decentralized,law,technology,compliance,nature,face,stringent,auditor,reconciling,landscape,privacy,future
beauty,case,concrete,nft,retail,gaming,opportunity,providing,commercial,fashion,design,industry,across,paris,flex,use,imperative
finance,decentralized,crypto,company,forensics,platform,mad,three,firm,risk,list,fintech,startup,manages,future
way,harnessing,effort,transparent,support,tamperresistant,humanitarian,secure,many,record,practice,business,social,leveraged,good,ethical,technology,could,ensure
crypto,back,antimoney,second,warren,digital,fire,senator,expressing,concern,act,letter,association,new,sent,asset,laundering,sponsored,bill,daamla
ride,way,skill,academic,girl,credential,ethdenver,competency,education,ai,initiative,tech,learn,ueth,gained,alternative,tsunami,momentum,prioritize
crypto,piratage,twitter,sest,x,qui,effet,ce,grande,dune,un,une,bitcoin,vivre,entreprise,vient,nouveau,le,parvenu,cryptomonnaie,amp,compte,cybercriminels,sont,dtient,phishing,pirater,microstrategy,cause,du,attaque,dun,permis,envole,fortune,monde,dorchestrer,hack
industry,automattic,product,sell,ai,respon,tumblr,tech,data,blog,consent,wordpresscom,plan,aware,thanks,user,doesnt,samantha,cole,understand,optout,medium,host
misunderstood,cost,competing,technology,system,payment,moving,chance,transaction,stand,money,here,existing
ce,atteint,dollar,cours,dexploser,bitcoin,mardi,record,nouveau,le,pourquoi,continue,du,mar,son,prcdent,dpass
suele,e,una,norma,acciones,febrero,cerraron,est,ante,mayor,cuestin,estamos,subir,si,siendo,hicieron,del,bolsa,mercado,nvidia,marzo,verse,inslito,para,criptomonedas,lo,pero,subida,dlares,algo,burbuja,ayer,pasado,siglo
crypto,warren,industry,according,ongoing,digital,amid,senator,development,laund,bill,association,organization,asset,u,noted,kill,may,indeed,elizabeth,anitmoney,could,crusade
lack,standard,uniform,seed,application,hasnt,build,development,initia,across,thing,track,part,decentralized,simplify,technical,stem,notoriously,nature,different,one,raise,round,hard,keep,much,resulting,changed,cryptos
raised,end,dog,rocket,milestone,kingdom,first,million,halfway,ico,bitcoin,already,london,point,united,day,th,remaining,left,stage,presale,february,past,release,press
south,introduced,cryptocurrency,aimed,mississippi,safeguarding,act,series,level,state,right,three,u,regulation,basic,h,carolina,people,move,ohio,similar
bet,coinspeaker,tokenization,latest,citi,nyse,american,investment,ac,multinational,explores,successful,completion,proofofconcept,inc,welldecorated,citigroup,c,bank,announced,fund,private
e,una,sicura,perch,registro,attraverso,rete,questo,un,computer,transazioni,decentralizzato,co,bitcoin,che,strutturato,modo,caso,sicuro,di,distribuito,c,consente,digitale,il,registrare
e,aumento,no,hablado,hemos,permite,esta,lista,neobanco,digitales,por,va,con,confan,ya,embargo,menos,b,entidades,financieras,abanca,ir,anteriormente,m,pues,sin,contratar,mejores,lanza,esto,andar,para,neobancos,lo,medios,sus,ahorrar,cuentas,espaa,puedes,genbeta,tiempo,cada,vez,prometen,te
digital,unequivocal,horizon,beyond,art,technorenaissance,provenance,sparked,dubai,web,guide,travel,promise,dawn,future,consolidate
skill,become,local,leading,developer,calling,great,impact,opportunity,gdsc,learn,programming,club,lead,new,google,create,deep,technology,student,dive
wszystko,czasw,znajduje,architektura,swojego,technologia,technologii,wszystkim,f,zastosowanie,si,dziedzinach,roku,w,kojarzymy,nie,kryptowaluty,cyfrowych,rynkiem,podstawa,tej,ktr,kryptowalut,od,ethereum,z,innych,bitcoina,rnych,inne,jako,poza,pocztku,przede,oto,ta,sfer,walut,rozwija,zastosowania,dla
process,first,sitting,walk,trc,youre,usdt,let,difference,understanding,place,right,key,guide,convert,erc,around,stablecoins,understand,looking,ill
jetzt,investierte,von,blockchainfund,jan,neu,dennis,da,erstes,neustart,insolvenz,jahr,nach,vergangenen,bitwala,daiber,kryptostartup,grndeten,und,nuri,der,ein,millioneninvestment,im,goslicki,bekommt
solanakeine,umfassender,auf,googlewatchblo,einem,zukunft,mehr,solana,fokus,blick,mit,die,kryptowhrungen,googlenews,digitalen,der,ein,whrungen,verpassen
temporary,prevents,restraining,cryptocurrency,energy,texas,federal,washington,miner,survey,order,domestic,consumption,cryptominers,government,surveying,new,judge,light,u,potential,power,granted,turn,emergency,high,see,chase,btc
brand,ai,impact,good,utility,leveraging,leather,doubling,watch,technology,real,come,th,business,jewelry,luxury,bring
behavioral,crypto,celebrity,effective,endorsement,around,using,started,recent,cryptoblockchain,make,business,year,century,finance,space
khaustova,navin,role,director,firm,stepped,executive,former,previously,chief,gupta,managing,transitioned,marina,new,ripple,crystal,intelligence,current,officer,ceo,move,position,op
ron,crypto,add,cryptocurrencies,gaming,appeared,infinity,fintech,bull,first,news,dominance,revived,market,ronin,ax,bitmart,sight,many,experienced,sign,coinpedia,axie,listing,season
forbes,spot,exchangetraded,earthquake,wild,following,trillion,bl,damage,etfssparking,bitcoin,massive,price,fleet,cryptoasset,u,uncover,advisor,approval,surged,prediction,collateral,fund,subscribe
forbes,topping,executive,trillion,blockbuster,bitcoin,per,price,cryptoasset,fidelity,uncover,huge,poised,top,advisor,surged,prediction,higher,issued,subscribe
back,forbes,year,warning,capitalization,trillion,market,exploded,damage,bitcoin,boom,massive,rocketing,advis,last,price,cryptoasset,huge,serious,triggering,catalyst,collateral,subscribe
digital,poised,greater,revamping,full,dynamic,retail,twin,achieve,even,success,duo,ecommerce,unlock,potential,future
cost,makeover,trust,build,revolutionizes,cut,future,disruptive,data,campaign,secure,deeper,marketing,herehttpswwwclickzcomwpcontentuploadsdallecreateaclipartstyle,power,connection,targeted
e,necesitadas,globales,criptoinversiones,generar,con,financiacin,un,conectando,agrcolas,ethichub,comunidades,alternativa,impacto,social,para,cmo,descubre,fusiona,positivo,inversores
ellos,traemos,nuevos,xword,hacking,sigue,aws,hoy,ante,rootedcon,haba,libro,este,tenamos,del,challenge,service,o,ao,web,dicho,ttulos,amazon,accepted,llegara,cuatro,segundo,publicacin,titulado
constante,una,defi,viaja,preocupacin,realizar,pool,ante,bot,llevan,descentralizadas,ser,existe,transaccin,pblica,estafado,cad,momentos,gran,proteccin,mundo,beneficios,finanzas,mev,esto,valor,cmo,tu,memory,debe,hora,evitar,incluida,tus
v,crypto,balancing,effective,enthusiast,community,well,among,crossroad,pulse,lawmaker,raise,regulation,decentralization
ali,blast,muneeb,protocol,million,fundraisings,issue,got,volunteer,week,bitcoins,cocreator,blastoff,call,usde,exclusive,ethenas,newsletter,coindesks,project,technology,interview,plus,weve,stack
digital,crypto,brings,process,realworld,world,onchain,advisor,real,credit,lending,asset,borrowing,meet,private,onto
two,owned,according,worth,firm,billionaire,analytics,arkham,company,say,reveals,hold,across,musk,tesla,bitcoin,billion,data,multiple,elon,new,spacex,intelligence,address,currently,btc
type,first,explain,appeared,readwrite,detailed,gambling,platform,join,casino,online,guide,gamble,post,sportsbook
theory,sociological,build,dao,daos,represent,holistic,business,based,modeled,consensus,organization,could,wellrounded
press,read,research,leading,amplifies,please,protocol,development,solution,zklink,series,share,technical,educates,forum,layer,l,disclaimer,summit,current,world,release,status,event,zklinkinitiated
crypto,raised,apps,anatoly,cryptography,cofounder,wellknown,ai,solana,capital,million,protocol,multicoin,led,series,privacy,wood,yakovenko,french,gavin,zama,polkadot,player,lab,raise,round,funding,participation,startup
coinspeaker,telekom,strategic,telecommunication,fetchai,leading,company,deutsche,ai,drive,innovation,european,p,foundation,february,announced,partner,partnership
hitter,ride,read,wild,company,book,gone,stock,dixons,best,chris,internet,coming,given,seems,building,biggest,three,business,write,era,next,everyone
bet,persistent,pharmaceutical,according,drug,staggering,solve,estimated,impact,market,robust,solution,healthcare,issue,counterfeit,sector,fake,curb,emerges,goldstein,nigeria,potential,intelligence,forecast,technology,medicine
back,wednesday,platform,alltime,holder,almost,digital,market,nearly,currency,reapproaching,bitcoin,black,quickly,intotheblock,data,profit,bitcoins,stated,price,show,intelligence,address,high,btc
datos,nativo,una,edad,cambio,motivos,ltimos,vuelto,siendo,token,biomtricos,por,un,da,ya,worldcoin,menores,me,cripto,cotizacin,ocupar,lado,su,lleva,estos,deberamos,porque,ha,tema,conversacin,hist,wld,distintos,registr,titulares,pero,subida,sus,varios,importante,alcanz,preocuparnos,mximo,venden
crypto,weapon,suddenly,russia,american,economist,amid,system,dollar,hegemony,ethereum,bitcoin,bitcoins,rival,price,technologywith,nuclear,u,one,pump,create,xrpinspired,dangerous,abandoning,revealed,china,teamed,payment,based,nukeschina,respected,could
decisionmaking,purchase,role,product,exclusivity,international,entire,development,fundamentally,tech,improves,stem,day,threatens,run,diversity,woman,world,problemsolving,control,ecosystem
fundador,anunci,una,telegram,evolucin,novedad,canales,cambiar,ju,con,comunicacin,contra,nivel,mundial,m,su,utilizadas,instantnea,gana,plataformas,dinero,ha,obstante,detiene,mensajera,pavel,durov,consolidado,recientemente,propuesta,promete,solucin,como,pro
crypto,may,explain,biggest,bitcoins,greatest,strength,utter,pointlessness,help,resurgence,weakness

serving,facilitating,role,driving,product,economy,operation,indispensable,industrial,across,commerce,global,transportation,consumer,primary,vast,backbone,distance,mode,play,delivering,carrier,good,motor,everyday,trucking,largescale
crypto,quiet,gucci,relationship,louis,innovate,challenging,technology,changing,fashion,vuitton,dior,industry,others,luxury,bring
power,token,shibarium,adopts,new,layer,shiba,treat,tech,shib,holder,inu,privacy,bring,ecosystem
two,matter,alltime,year,read,big,terrific,putting,month,bitcoin,soared,distance,price,striking,run,here,mean,high,see,event,halving
crypto,gaming,platform,south,worth,researcher,loses,first,million,took,dollar,feb,unauth,playdapp,series,exposed,koreanbased,place,key,exploit,believe,compromise,lost,security,result,fund,private
debatte,atug,nichts,hat,zu,erklrt,ber,bundeswehr,manuel,fhren,wird,webex,strukturelles,warum,die,cybersicherheitsexperte,sicherheitsproblem,der,interview,ein,erneut,abhrskandal,im
e,far,perodo,partir,ia,desenvolvimento,programa,um,parte,sobre,oferece,remotas,capacitao,da,quintafeira,ocean,samsung,presenciais,empre,mais,vestveis,iniciativa,programao,desta,projeto,inovao,gratuitas,tecnolgica,dispositivos,aulas
add,funding,protocol,support,village,feb,period,latest,quicknode,tech,announcement,deal,zksync,hyperchains,upgrade
capability,integrating,security,telefnica,telecom,technology,sim,significant,step,swap,team,partnership,firm,said,provide,hack,chainlink
village,latest,multichain,march,protocol,feb,miner,tech,bitcoin,anduro,layer,plan,period,deal,marathon,upgrade,announcement,funding
funding,protocol,hardware,village,wormhole,make,feb,accelerator,period,collaborates,amd,latest,tech,announcement,deal,upgrade
datos,revolucionar,e,incluso,una,implementacin,harn,utilidad,sobre,privacidad,digitales,dice,con,slo,iris,eso,universal,por,manera,bsica,embargo,worldcoin,poco,su,sin,poner,ahora,logrado,conciben,qu,ha,para,tu,renta,futura,pero,plantea,identidades,sorpresas,quedan,promete,criptoplataforma
digital,decentralized,resource,may,beyond,seeking,extends,next,narrative,web,asset,decentralize,big,finance,promise,control,depins
brand,rule,advantage,nonexistent,market,founder,everything,working,new,make,officially,space,without,startup
nfts,case,evolving,world,role,many,evolution,business,struggling,use,traditional,future
crypto,congress,policy,another,illinois,federal,law,avoid,legislature,leaf,rushing,like,void,consumer,pas,level,state,ftx,may,impacting,next
complex,editorial,content,advertising,moreblockchain,across,small,commerce,unblock,independent,steadily,various,sector,buy,share,post,may,due,sale,prominence,technology,get,click,something,gaining
jeux,passagre,ou,durable,crise,estelle,est,carnage,licencientils,un,pleine,secteur,tendance,vido,autant,le,pourquoi,vrai,studio
impulsarn,objetivo,regresa,moda,formato,analizar,con,estas,este,sector,tecnolgicas,del,su,entrada,principales,ao,public,lujo,tendencias,tindustry,son,pri
brea,una,justo,tiktok,anunciado,telefnica,popular,un,gsma,une,ya,servicios,del,colaborar,marco,present,gateway,ao,iniciativa,comercializar,empezado,app,primeros,han,estratgica,alianza,mejorar,para,mwc,espaa,open,seguridad,hace
crypto,pick,presidential,expand,gibran,job,discussed,opportunity,generation,vicepresidential,indonesia,cryptofriendly,campaign,team,younger,mean,candidate,election,country
strk,agrees,jump,unlocks,delay,heavy,developer,starknets,starkware,token,behind,criticism,schedule,starknet,unlocking,come,ethereum,layer,new
meaning,anyone,offer,understand,term,layman,explanation
physical,transaction,interesting,collectible,digital,token,complexity,market,nontrivial,system,original,logic,scale,dynamic,physic,nuclear,asset,physicist,nft,nonfungible,financial,institute,example,see,looking,large
weekend,gain,extended,level,surpassed,today,reach,highest,break,high,since,price,year,fresh,january,chainlink
crypto,revenue,policy,industry,effort,jd,digital,tap,mukherjee,tax,expert,raj,service,foremost,hired,asset,one,advise,veteran,internal,sulolit,irs
crypto,wallet,selling,reward,number,miner,still,dropped,bitcoin,data,since,show,mid,held,tied,loom,halving,lowest
expense,travel,virginia,cost,mere,new,associated,set,year,proposes,commission,cover,money,including,cryptocurrency,meeting
intotheblock,data,profit,lower,bought,market,rate,rally,according,coin,price,show,going,leaf,bitcoin,address
cbdc,digital,issuing,wholesale,bank,retail,currency,philippine,central,report,likely,plan,seen,country,version,rule
crypto,largest,platform,energy,texas,member,omb,miner,sue,survey,tbc,dept,trying,many,state,including,u,information,one,collect,riot,emergency,council,department,sued
real,industry,must,product,need,developer,solve,meaning,build,development,problem,trusted,building,primary,sample,foundation,right,decision,focus,user,founder,people,make,writes,torus,stellar
india,russia,south,digital,fivenation,news,system,work,report,currency,comprising,ta,creating,group,agency,create,brics,technology,payment,china,said,russian,based,africa,brazil
revenue,telegram,official,rocket,march,say,broadcast,nearly,share,network,ton,advertiser,pavel,durov,via,founder,said,open,ad,channel
aws,become,year,truly,experience,sport,special,ai,moment,super,bowl,future,watershed,stand,usher,swift,inclusivity,taylor,technology
defi,seed,cryptography,citrea,say,finance,bitcoin,ecosystem,rollup,decentralized,bitcoins,plan,use,zeroknowledge,grow,help,raise,nft,funding,budding
digital,security,trend,navigating,enterprise,solution,contactless,educate,payment,efficiency,wallet,business,european,need,benefit,come,future
e,vor,einnahmen,telegram,nicht,mus,zum,mittlerweile,werbeanzeigen,seit,lngerem,jahresende,durch,kndigte,da,wie,monetarisierung,geld,generieren,nach,kanalbesitzer,telegramgrnder,mit,experimentiert,verdienen,verfgbar,gibt,pavel,durov,und,bald,welches,bereits,ein,premiumabo,ist,man,knnen,hierzulande
check,colour,innovation,culture,inside,bold,system,advanced,playful,typographic,summer,enriching,identity,launch,onchain,art,inviting,logo,twist,also,animated,marries,bite,dia,promise,project,created,visual,client,palette
digital,decisionmaking,transactional,necessary,gain,process,trend,beyond,transformation,beneficial,particularly,efficiency,function,finance
e,halte,weiter,blockchaintechnologie,stets,berflssig,nicht,echte,vertrauen,ende,cybersicherheit,publizist,fr,doctorow,technologische,cory,ich,sagt,thema,ganze,helfen,beim,die,braucht,menschen,oft,der,lsungen
appeared,income,powered,extra,radiator,calculation,cloud,company,earn,first,waste,heat,electric,heater,tech,nextgen,connected,springwise,post,power,owner
outlined,think,power,ive,trend,beyond,edtech,emerging,key,four,staying
surrey,find,research,decade,female,study,growing,management,new,field,business,team,show,stronger,diverse,author,university,influence,past,get,impactful,citation
trigger,sudden,crypto,linked,hype,rocketed,openailinked,rekindled,executive,cryptocurrency,tipping,ai,chief,worldcoin,boom,nvidia,point,artificial,sam,price,intelligence,altman,huge,controversial,openai
programas,una,marcando,evolucin,tecnologa,lealtad,highlight,cambiar,innovadora,un,superior,service,plataforma,su,siempre,web,hito,avocado,para,cmo,usuario,experiencia,descubre,mediante,garantizando,seguridad,lanza
purchase,platform,transaction,unlike,cryptocurrency,capitalization,digital,market,behind,currency,ethereum,bitcoin,buy,asset,guide,explore,think,eth,secondlargest,offer,revolutionized,predecessor
decentralized,first,coinpedia,network,news,fintech,appeared,physical,signify,technology,infrastructure,principle,application,physica,post,depins
two,platform,fresh,cryptocurrency,leading,vechain,march,token,following,surge,recent,vechains,enterprise,introduction,alongside,considerable,vot,vet,new,tailored,potential,btr,buzz,rally,thi,generating,announcement,vebetterdao,realm
crypto,effective,famous,promotion,cryptoblockchain,individual,behavioral,recently,celebrity,feat,century,finance,space,david,participating,around,brady,endorsement,damon,related,tom,example,make,headline,larry,generated,matt
crypto,fueled,significantly,subject,hut,became,legal,leading,company,following,initially,allegation,miner,stock,nasdaq,series,alleged,corp,investigation,face,influenced,mining,price,one,action,class,security,compa,jcapital,misconduct,exchange
sohrab,industry,year,end,experience,cryptocurrency,march,news,revolutionize,finance,he,trading,always,five,potential,keen,keep,top,writing,altcoin,turn,technology,passionate,lowcap,interest,writer,whether,covering
crypto,temporary,spain,protection,legal,subsidiary,friday,emer,digital,filing,say,worldcoin,involved,order,ban,week,challenge,identity,data,authority,sam,business,suspension,altmans,german,earlier,filed,reported,controvercial
crypto,expects,defi,spot,another,industry,discussion,excitement,cover,surrounding,modular,look,etf,gupta,liquid,capitalist,emerging,bitcoin,like,boom,restaking,also,key,topic,cautious,u,enter,venture,past,groundswell,bullish,dive
digital,way,class,requires,practical,new,managing,asset,family,arrived,office,insight,entirely
metaverso,e,spain,objetivo,entender,hoy,digital,elaborado,por,comunicacin,puromarketing,publicidad,alcance,libro,metaversoel,comisin,del,asociacin,su,presentado,web,marketing,ha,metaver,espaa,blanco,ayudar,iab,presenta
ethdenver,significant,become,developer,distributed,solana,acolyte,ethereum,week,presence,network,beyond,last,conference,sign,taken,denver,rep,secondlargest,bitcoiners,reason,drew,influential,crash,ecosystem
omnichain,mechanism,peertopeer,protocol,infrastructure,bitcoin,network,fortifies,map,layer,project,top,using,name,zk,security,technology,based,list,btc
memecoin,crypto,advocate,industry,finally,outperforming,bull,etf,ai,token,market,best,tech,redhot,finance,bitcoin,sector,week,outperform,even,new,memecoins,detractor,potential,careen,surged,past,see,disrupt,button,hoping
project,iiproject,cproject,knft,k
crypto,impressive,presented,seen,rocket,sp,smog,solana,token,today,bitcoin,major,skyrocket,increase,rise,day,movement,price,hit,world,newly,past,saw,launched
rollups,raised,platform,strategic,according,capital,million,solution,coled,vc,focusing,scalability,altlayer,rollup,fundraising,aim,social,post,round,raise,expanding,polychain,funding,medium,hack
crypto,fan,full,sportsfocused,synergy,among,validator,parisian,formation,operate,sport,first,token,wealthiest,football,unlocking,club,history,saintgermain,node,psg,paris,becomes,chiliz,potential,one,make,teamed,aroun
crypto,invests,firm,publication,trillion,operates,news,undisclosed,co,blockchainfocused,global,led,management,site,blockhead,templeton,asset,round,client,franklin,singaporebased,asian,funding,currently,medium,launched
crypto,fueled,hour,filecoins,become,leading,token,largely,surge,recent,fil,market,interact,considerable,drawn,surging,quickly,rec,filecoin,record,last,price,remarkable,one,here,speed,ascent,attention,high
cannabis,trend,shortage,year,forget,enjoyed,genome,blo,ai,investment,innovation,considerably,stock,commerce,internet,nvidia,printing,artificial,bubble,nextbigthing,intelligence,street,wall,decoding,businesstobusiness,advent,china,past,highinterest,cheaper
coinspeaker,crypto,baanxs,seed,firm,baanx,secured,leading,aimed,company,innovation,drive,capital,investment,million,secures,eff,fueling,round,venture,payment,funding
alltime,wallet,seen,showing,could,various,coming,week,data,multiple,level,onchain,ada,new,day,since,price,growth,creation,indicated,explodes,ready,spike,february,path,cardano,high,beginning,adoption,reclaim,breaking
dominate,platform,volume,token,dune,million,protocol,crossed,cr,month,ordinal,bitcoin,magic,data,trading,dashboard,show,allows,create,nfts,user,ordinalsinspired,nft,barnstorming,nonfungible,february,eden
ambcryptos,bonk,registered,hour,according,coin,meme,displayed,solana,performance,market,sol,mindblowing,dogfight,built,increase,last,including,price,solanabased,evaluation,sign,wif
bet,crypto,twitter,platform,significant,x,analytics,investment,token,recent,chunk,whale,shiba,formerly,billion,buy,relinquish,massive,lookonchain,opting,inu,ha,native,post,made,pepe,shib,position,abandon
sohrab,include,altcoins,industry,year,experience,cryptocurrency,news,revolutionize,finance,he,trading,new,always,five,potential,keen,keep,top,writing,technology,passionate,portfolio,interest,writer,whether,covering
twitter,appeared,wallet,year,fintech,first,news,renowned,dogecoin,detected,took,whale,inactive,tracker,satoshiera,inform,afte,movement,doge,post,turned,coinpedia,ancient,alert,active
crypto,experience,cryptocurrency,interviewed,decade,within,expert,space,cryptofriendly,prominent,also,since,coinpedia,top,founder,writing,technology,qadir,ak,covering,country
broad,starting,strk,wednesday,developed,pioneer,wallet,called,distributed,almost,starkware,token,million,feb,starknet,proof,month,distribution,later,foundation,plan,zeroknowledge,native,eligible,beginning
gold,appeared,fintech,cryptocurrency,chapter,digital,first,news,redefine,boundary,finance,icp,frontier,ots,new,marvel,era,post,coinpedia,rush,investor,k,technology,written
crypto,cost,firm,analytics,need,research,target,unlikely,debunks,say,released,rig,report,ethereum,bitcoin,network,even,coinmetrics,onchain,new,attack,mining,prepar,here,takeover,infeasible,make,powerful,fear
appeared,coin,gfox,firm,index,fintech,first,news,wellknown,ethereum,godaddy,major,domain,free,web,pairing,post,partnered,coinpedia,name,naming,listing,partner,see,based
crypto,enthusiast,among,jump,coin,meme,garnered,following,token,surge,market,globally,shiba,across,ethereum,per,week,data,mln,surfacing,atop,noteworthy,burnt,noted,burn,inu,functioning,rate,interest,eminent,shib,substantial
gain,sohrab,industry,year,experience,cryptocurrency,news,dogecoin,shiba,revolutionize,finance,he,massive,trading,price,always,five,inu,potential,keen,keep,forecast,writing,technology,chatgpt,passionate,interest,prediction,writer,whether,covering
boost,japan,set,firm,mizuho,token,giant,megafirms,japanese,pay,explained,rakuten,launch,new,offering,business,including,st,money,electronic,mitsubishi,bank,security,take,interest,release,press,ufj
crypto,incident,defi,hacking,fixedfloat,worth,million,bitcoin,approximately,automated,cybersecurity,twi,hit,around,eth,targeted,stolen,heist,exchange,resulted,valued,ether,loss,reported,breach
n,wednesday,entertainment,game,lik,fresh,time,inscribed,super,system,pizza,ordinal,bitcoin,network,building,team,group,emulator,snes,play,thanks,project,nintendo,announced,ninjalerts,ninja
defi,firm,experience,cryptocurrency,interviewed,token,surge,decade,market,vc,within,covering,expert,space,analysis,prominent,also,since,return,coinpedia,founder,writing,altcoin,technology,qadir,ak,amidst,net
crypto,piqued,thrilling,staggering,curiosity,recently,million,market,globally,whale,tracker,appears,per,xrp,mln,reach,twist,price,plot,whopping,insight,witnessed,spark,investor,move,interest,trader,unveiled,alert
life,crypto,wallet,set,smart,developer,learnin,coinbase,introduces,builder,development,solution,today,steep,stepping,easier,simplify,onchain,new,onboarding,embedded,including,empower,designed,recognizing,user,world,announced,make,exchange
verge,experience,cryptocurrency,interviewed,decade,within,expert,space,prominent,also,since,price,dropping,coinpedia,founder,writing,technology,qadir,ak,midk,bitcoi,covering
contender,crypto,community,inscription,capturing,unique,digital,investment,immutable,rarity,everevolving,etched,emerged,nodemonkes,ordinal,bitcoin,onto,comprehensive,new,imagination,asset,guide,rep,interest,acquiring,landscape
flow,crypto,datadriven,full,transaction,visibility,pool,time,v,following,posing,crosspollination,every,best,bitcoin,difficult,analysis,week,challenge,pseudonymous,mapping,ledger,nature,insight,simultaneously,offer,get,realtime
crypto,bringing,cover,prime,researching,cryptocurrency,bull,within,every,ethereum,space,bitcoin,trading,minute,new,price,begin,run,task,here,insight,hit,author,focus,eth,may,occurrence,qualified,lie,passionate,event
crypto,industry,coin,meme,cryptocurrency,captured,surge,amid,market,break,shiba,binance,dynamic,witnessing,record,bnb,nature,price,remarkable,inu,blockdag,presale,rally,investor,attention,interconnected,phenomenon,showcasing
hackathon,gaming,dominate,largest,ethdenver,game,oldest,developer,ai,sunday,solution,fun,close,ethdenvers,ethereum,buidlathon,onchain,day,dominated,ended,evening,jud,project,security,storytelling,winning
crypto,toge,appeared,community,endless,become,fintech,developer,architect,first,investment,news,innovation,befe,market,work,point,post,coinpedia,converging,technology,turn
platform,wallet,eclipse,sun,x,cryptocurrency,showcased,b,htx,global,bitcoin,approximately,tron,half,amounting,social,post,holding,founder,revealed,advisor,reserve,justin,personal,exchange,medium,glimpse
two,gaming,strategic,significant,barrier,florida,unpredictab,landscape,solve,skale,fee,challenge,transak,onboarding,th,web,ambitious,miami,address,transform,february,move,high,gas,announced,partner,release,partnership,adoption,press
crypto,revolution,upcoming,platform,ido,paulo,leading,latin,american,token,market,patex,network,l,th,asset,propels,serf,native,principal,february,listing,announced,release,brazil,press,ecosystem
nuance,often,find,cryptocurrency,leading,v,token,inte,term,center,fundamental,xrp,difference,discussing,many,ripple,mistakenly,use,key,confusion,different,associated,technology,understanding
sohrab,industry,coin,jump,year,experience,cryptocurrency,march,ai,news,revolutionize,fetch,finance,he,trading,always,five,potential,keen,keep,top,writing,technology,passionate,interest,writer,whether,covering
bet,however,end,bettor,professional,wager,punter,placed,betting,month,bitcoin,week,mark,climb,even,site,reach,polymarket,option,optimistic,leaped,trader,past,go,online,higher,increasingly
upgradability,page,defi,prize,pool,futureproofed,cryptocurrency,leading,million,participate,fol,welcomed,visiting,cspr,global,built,onto,bybit,l,new,top,user,exchange,list
crypto,bringing,hour,roller,cover,prime,researching,cryptocurrency,market,today,within,every,space,coaster,minute,rise,new,experienced,last,happened,task,here,insight,author,focus,occurrence,qualified,lie,passionate,past,event
subsidiary,experience,cryptocurrency,settle,sell,interviewed,decade,million,within,european,expert,space,eff,prominent,also,since,ftx,coinpedia,founder,writing,technology,qadir,ak,debt,covering
ron,crypto,exploration,gaming,farming,game,going,openended,securing,ronin,built,binance,soaring,low,focused,web,live,explodes,pixel,top,altcoin,listing,high,exchange,shot,monday
back,president,belief,year,cryptocurrency,digital,recent,shared,bold,yuri,wont,hold,nothing,expert,bitcoin,association,reach,stated,asset,pripachkin,value,k,russian,prediction,based,racib,statement
usd,cryptocurrencies,described,platform,smart,execution,cryptocurrency,first,today,system,work,ethereum,decentralized,well,numerous,marketcap,price,live,eth,feature,contract,chart,ether,opensource
crypto,bringing,cover,end,q,prime,researching,cryptocurrency,market,within,resistance,every,space,minute,extremely,new,key,price,task,appear,insight,author,focus,occurrence,qualified,lie,approaching,passionate,make,event,participant,excited
x,etf,investment,recent,leader,endowment,lee,stanford,allocation,bitcoin,toward,blackrock,club,decision,post,university,bought,venture,february,kole,announced,saw,blyth,fund
crypto,force,highoctane,find,lightningfast,entangled,transaction,solana,surge,sol,brake,binance,network,colossal,surprising,behemoth,twist,activity,web,hit,withdrawal,due,exchange,cong,halt,known
strk,supply,kessler,stellars,weekly,starknets,token,protocol,explores,liquid,tech,issue,lrts,finance,week,decentralized,restaking,bitcoins,even,crunch,sam,airdrop,remaking,newsletter,live,isnt,exploding,smartcontract,plus,facelift
crypto,comment,solicit,platform,energy,texas,within,miner,survey,coming,start,proposal,period,administration,u,information,agreement,riot,feedback,division,said,would,council,department
crypto,back,interference,advocate,another,regulatory,energy,unwarranted,miner,stopped,unconventional,order,bitcoin,issuing,warrantless,fight,show,agency,u,mining,pushing,using,muscle,example,emergency,metric,statistic,request,court
sequencing,among,architecture,ethereumequivalent,relevance,competing,distinguished,ethereum,rollup,network,layer,field,taiko,one,raise,deep,project,zk,several,based
pull,apparent,set,according,become,firm,solana,token,zero,rug,ordizk,appears,ethereum,bitcoin,certik,suffers,pulled,project,security,scam,exit,crash,bridge
give,crypto,boost,az,dao,community,existence,liability,legal,sweep,unincorporated,limited,pay,framework,tax,internet,cowrie,decentralized,david,association,wyoming,general,new,jennings,ability,write,kerr,mile,principal,nonprofit,incumbent,counsel,bill
crypto,backdrop,monetary,real,transaction,reward,compelling,million,protocol,today,yield,nearly,fee,ethereum,priority,staking,validators,one,stable,investor,advisor,combination,result,supply
standard,popularity,dn,developer,solve,token,driven,drawback,fee,ethereum,already,type,week,surging,network,ercs,new,congestion,last,create,send,claim,launched,experimental
boost,filecoins,fils,index,solanas,surge,fil,grt,marketbeating,feb,come,month,bitcoin,history,programmable,coindesk,heel,block,rally,computing,struggle,high,would,announcement,host
add,found,precaution,rollout,delayed,smart,protocol,support,phased,week,paymentsfocused,start,three,ethereumstyle,upgrade,contract,due,soroban,bug,decadeold,stellar
bet,way,coin,seen,meme,eas,token,easier,biggest,new,becomes,doge,growth,pepecoin,rally,investor,gainer,retailfriendly,understand,shib,considered
appreciated,sie,belief,underdistributing,role,overspending,ceo,exhead,left,always,playstation,bos,shawn,candor,layden,explaystation
spot,etf,trillion,quietly,market,reveals,headed,bitcoin,massive,bombshell,price,catalystetf,street,hit,huge,wall,ceo,catalyst,could
malware,found,another,unified,firmware,undocumented,botnet,uefi,previously,evades,adding,layer,incorporate,intervene,bootkit,operating,extensible,feature,detection,interface,glupteba,stealth,sophistication,control
malaysia,ev,automotive,robotics,memorandum,solution,infrastructure,provider,aco,connectivity,po,tech,iot,collaboration,geno,use,explore,moc,sign,marii,institute,car,signed
digital,launching,wider,gaming,maison,deepening,via,metatabi,new,boot,web,tie,universe,collectible,margiela
texas,riot,news,good,eia,released,final,emergency,detail,platform,council,published,there,bad,survey,agreement
crypto,appeared,altcoins,role,industry,aibased,x,year,fintech,bull,first,news,ai,token,vital,profit,artificial,run,intelligence,post,play,coinpedia,focus,top,taken,storm,world,past,im
life,crypto,ethereu,strong,doubledigits,friday,seven,solana,trillion,cap,passed,jumped,market,ethereum,bitcoin,week,level,noon,day,et,holding,winner,isnt,came,past,btc
appeared,altcoins,significant,x,big,fintech,surprised,first,news,solana,market,currency,profit,solanabased,one,post,altseason,coinpedia,top,name,becoming,trader,everyone,list
statistical,eia,significant,legal,energy,amid,development,lawsuit,temporarily,miner,bitcoin,challenge,consumption,investigation,mining,administration,u,information,decision,probe,decided,halt,suspend,follows,arm,department
wondering,favorite,podcastso,jump,read,ethereums,youre,couldnt,best,thing,scalability,ethereum,future,rollup,important,mind,layer,bankless,thinker,one,here,top,ultra,polynya,exploring,interview,next,get,scalable
crypto,mingled,industry,automotive,executive,entire,thought,alcohol,leader,say,step,score,eiffel,future,brand,highranking,aura,onchain,fashion,paris,tower,discus,weekend,top,away,nft,ceo,world,watch,past,luxury,embrace
gefallen,von,nicht,einem,hchststand,mehr,neue,dollar,kryptowhrung,einige,schwankt,aber,bitcoin,anhalten,stark,nach,drfte,wieder,volatilitt,al,sind,zeit,ausgeschlossen,die,hchststnde,ist
glenlivet,ai,packaging,point,weirdly,found,design,whisky,feel,offbrand,maker,selling,strange
two,weekly,etf,streak,late,solely,driven,sustained,report,bitcoin,boom,week,new,positive,last,price,flipped,inflow,region,top,ath,rally,k,winning,reaching,high,millio,interest,net,january,halving,btc,daily
crypto,animoca,matic,introducing,according,protocol,behind,introduce,proof,palm,brand,want,new,institution,team,lab,recognition,announces,polygon,project,humanity,backed,technology,zerokn,release,partnership,press
crypto,breather,end,agix,happening,fetchai,singularitynet,almost,etf,ai,airelated,market,today,best,b,performer,bitcoin,whats,since,three,five,cheatsheet,inflow,fet,taken,top,stablecoins,take,beating,primer,mint
malware,hacking,stealthy,targeting,cyberguy,urge,system,north,mac,vigilant,new,group,operating,korea,backdoor,user,knutsson,kurt,stay,wipe,file
near,trading,cryptocurrencies,altcoins,investor,new,high,trader,looking,known,skyrocketing,bitcoin,buy
bet,explores,tokenization,fund,citi,private
exblockchain,meltdown,head,travel,global,ban
company,top,valuable
walledoff,protecting,running,cofounder,digital,dixon,chris,space,internet,decentralized,paywalls,share,consumer,reshape,business,key,promise,return,author,talk,tired,broken,open,hunch,landscape
factor,part,network,issuer,stablecoins,tron,trx,usdc,steady,among,dump,cited,framework,circle,decision,management,risk
euro,fintech,creado,capital,digitales,un,especializado,conjunto,fondo,activos,leadblock,han,para,millones,unicornio,bitpanda,venture,invertir,lanzan
ciberntica,quais,e,no,ou,agenda,significati,south,festival,em,edio,um,temas,maro,do,da,unidos,apontada,futuro,segurana,estados,internet,entre,o,coleta,acontecer,austin,impactos,dado,na,web,discus,southwest,sxsw,dia,trar,ela,mudanas,como
condition,back,reflect,near,market,k,showing,positively,next,increasing,expected,price,demand,come,bitcoin,future
dopo,e,ragioni,quantola,rialzo,perch,oltre,grande,un,nakamoto,da,dove,pu,arrivare,sopra,bitcoin,del,firma,anno,le,di,moneta,della,criptovaluta,mila,satoshi,digitale,corsa,inizio,sta,facendo,registrare,il,dollari
euro,moedas,moeda,aos,opera,ouro,numa,digital,sabe,confere,descentralizada,escassez,chamada,bitcoin,preciosos,milhes,metais,pode,lhe,chegar,uma,mil,semelhante,limitada,rede,halving,como
revive,suddenlyhighprofile,way,crawley,driving,look,oldest,starknets,token,protocol,development,opcat,fee,ethereum,fake,bitcoins,enabling,airdrop,proposal,erc,coindesks,take,hi,unofficial,plus,function,jamie,historic
service,lost,traditional,financial,human,activist,tool,right,last,access,money,bitcoin,resort
part,wealth,decentralized,financial,realworld,rwas,system,make,possible,change,object,tokenized,become,asset,management,nondigital
fundamental,shift,financial,defi,beyond,passing,industry,ledger,age,fad,traditional,finance
beyond,technology,crossroad,ahead,unprecedented,stand,tax,transformation,look,landscape
seem,dominant,core,alltime,software,dependent,protocol,corporate,volunteer,bitcoin,week,bitcoins,even,new,record,price,mindset,group,run,perplexing,help,cry,around,may,used,high,surged,remains,old,heard
crypto,force,energy,company,federal,temporarily,miner,reveal,demand,attempt,disclose,consumption,judge,use,fight,agency,halted,electricity,department
crypto,community,wizard,fresh,time,roadmap,march,following,nothing,ethereum,fizzing,like,dencun,upgrade,around,eth,due,titled,see,there,get,land,block
crypto,comingbitcoin,wave,seen,warning,time,moment,trillion,surge,da,bigger,ethereum,bitcoin,boom,week,though,xrp,massive,braced,last,price,triggered,return,huge,serious,rally,collateral,ipo
crypto,among,warren,become,target,sherrod,cash,super,affiliated,outside,procrypto,trio,key,group,sen,topspending,cycle,poised,elizabeth,splash,brown,election,could,race,pac
approach,physical,core,software,product,research,award,wi,serve,digital,cofounder,hardware,system,emerging,alex,service,arrive,unexpected,opportunties,design,studio,julie,feature,created,interaction,technology,convergence,captain,jury,hulme,category
full,read,mechanism,aide,digital,yury,say,system,develop,ushakov,rtcom,new,plan,use,create,settlement,brics,technology,payment,would,article,country,putin
give,star,fan,community,choir,individual,member,mailed,deed,every,nashville,club,roughly,virtual,new,piece,house,bar,grant,church,access,country,eric
tease,mobile,game,x,official,opened,blockchainnft,accoun,okamoto,tentative,producer,also,new,noted,teaser,veteran,title,project,website,nft,involve,k,published,yoshiki,release,press
comprar,unos,una,ia,carbono,aos,dispositivo,detector,por,telefnica,un,embargo,tiene,servicios,poco,probarlo,plataforma,generado,convirti,contenido,tucom,generada,sin,al,huella,despus,gratis,compensar,electrnico,para,lanz,aglutinar,puedes,tienda,tiempo,online,pretenda,hace,productos
empresarial,proporciona,tecnologas,necesarias,mundo,combinacin,emergentes,herramientas,donde,nearshoring
dominant,crypto,add,program,software,dependence,reduce,distributed,coinbase,support,computer,ethereum,traded,publicly,concentration,network,staking,u,run,help,risk,geth,used,exchange,said,would,access,client,additional
arbitrum,platform,wallet,arb,swap,arbitrums,selfcustody,news,month,coming,trading,robinhoods,layer,team,user,robinhood,offer,next,surged,access
process,rollups,according,proving,starks,breakthrough,starkware,proof,white,tout,paper,new,accelerate,zeroknowledge,lab,polygon,published,supposed,circle
crypto,significantly,platform,strategic,volume,swap,trusted,unlocking,announce,bybit,service,collaboration,crosschain,unpa,enhances,three,web,one,announces,top,world,swft,exchange,partnership,excited
happy,first,president,self,appeared,law,day,legal,note,post
roz,e,noviembre,superar,supera,arrancado,turbulento,burstil,capitalizacin,histricos,ltimos,marca,bil,alej,con,actual,un,cuando,ya,billn,valioso,bitcoin,del,nuevamente,m,su,permiten,activo,mundo,tras,fuerza,le,mximos,ha,valor,sus,dlares,dcimo
e,noviembre,techo,cul,historia,largo,sido,hasta,histricos,prolongada,alto,situ,haba,por,forma,bitcoin,m,su,luego,pregunta,mximos,entonces,rompe,fiebre,valor,para,criptomonedas,nfts,caer,lo,dlares,alcanz,barrera,hace
cost,coin,transaction,year,meme,faster,token,drive,burning,nearly,fee,ethereum,pace,intotheblock,network,unusable,frenzy,skyhigh,also,many,activity,analyst,noted,increased,benefitting,made,due,investor,high,ether,supply
platform,wallet,according,worth,arkham,company,million,musk,tesla,b,bitcoin,profit,elon,half,onchain,spacex,intelligence,holding,investigator,claim,uncovered
ddm,r,boost,precovid,overall,game,blizzard,year,investment,say,report,delivered,maker,acquisition,major,sector,quieter,level,video,footing,new,call,exclusive,growth,retreat,return,microsofts,forecast,predicts,struggle,finding,duty
river,application,editorial,digital,content,advertising,forensics,small,commerce,independent,series,buy,share,revolutionary,one,post,publisher,may,security,sale,moreare,technology,get,click,looking,something,understanding,broaden
otp,level,erlang,high,adopting
agglayer,chain,zkevm,making,inking,transaction,experience,astar,first,single,liquidity,allowing,supposedly,plugging,like,network,crosschain,new,deal,polygon,user,feel,land,access,ecosystem
crypto,az,eigenlayer,firm,andreessen,developer,capital,protocol,behind,affiliated,led,sreeram,pioneering,restaking,even,kannan,piling,lab,live,raise,project,isnt,venture,investor,eigen,horowitz
redeem,issuer,redemption,literal,realworld,real,metaphorical,change,first,stablecoin,come,usdr,tangible,layer,plan,asset,failed,name,came
solana,focus,token,bet,much,hour,putting,jump,coin,past,trader,meme,wif,ethereum,pepe,considered,ecosystem
richest,real,become,millennials,etf,trillion,bitcoinloving,behind,generation,inherit,report,shown,bitcoin,boom,history,new,triggered,price,asset,huge,poised,flip,reason,blackrocks
week,starknets,token,eligible,claim,chain,strk,happen,muchawaited,user,layer,airdrop,feb,next,june,coming
core,nexus,seed,product,fusion,build,da,avail,ethereum,data,network,celestia,rival,three,raise,round,security,used,fund
broad,trade,goal,customer,shape,recordbreaking,international,time,digital,innovation,market,base,future,larger,reach,business,ecommerce,allows,grow,range,connecting
ai,hype,live,beyond,six,generative,prediction,fail,future
cloud,compared,investment,return,heady,optimistic,founder,outlook,investor,day,clear,state,depressed,web,cautious,landscape,sign,remain
criptovaluta,ai,massimi,fine,rally,scatta,il,dollari,dalla,del,quota,bitcoin,superata
frente,atencin,escptico,parecan,hemos,sido,moda,tecnologa,ser,token,digitales,por,testigos,un,este,desplome,puse,siempre,mundo,inversiones,desplomaron,qu,nunca,obstante,notable,lo,mantenido,fungible,nft,especial,algo,recientemente,esas,piezas,ltima
compartir,bluenotary,documentos,una,particulares,hoy,integral,est,revolucionando,vosotros,con,un,manera,descubrimiento,trata,plataforma,lnea,firma,tener,notarizacin,quiero,para,notario,empresas,notarizan,segura,recientemente,hice,online
digital,chainalysis,data,near,laundering,fall,reveals,annual,value,record,cryptomoney,laundered,currency,decline
criptodelincuentes,digitales,elementos,una,mundo,con,sociales,crece,redes,problemtica,llegada,como
senior,policy,mechanism,aide,reliance,economy,western,digital,yury,system,emerging,cut,currency,ushakov,plan,group,create,line,foreign,brics,financial,technology,payment,measure,would,based,aid,putin
encryption,application,secured,france,cyberwire,time,bring,fore,developer,company,march,ai,first,capital,investment,protocol,build,multicoin,series,homomorphic,lead,giving,th,fully,paris,source,abili,zama,lab,raise,privacypreserving,library,open,fhe,commercialize
crypto,bureau,role,according,area,cryptocurrency,crime,investment,report,grew,b,internet,billion,fraud,highlighting,prominent,u,loss,play,scam,fbi,large
exploration,concluding,protocol,implementation,notable,distributed,post
wider,company,market,today,stock,unleashing,domain,bitcoin,future,share,view,allow,express,potential,much,investor,value,prediction,event
mean,love,seems,realworld,enterprise,certain,clarification,web,intuitive,concept,asset,get,context,requires
crypto,montagnes,cryptomonnaies,baisse,historique,fulgurante,balayant,poursuit,ancien,une,hausse,bitcoin,battu,pari,joue,ayant,record,sattendre,le,ascension,denregistrer,avant,fautil,partie,du,aux,trader,rus,son,doyenne
power,ai,heating,trend,ever,account,abstraction,watch,web,asia,apps,thing,apac
voorhees,cofounded,legal,violation,principle,musk,sue,coming,elon,sam,alleging,altman,action,initiated,creator,chatgpt,established,openai,saw
ethereum,investment,founder,popular,madeingermany,bitwalas,invests,bitwala,wallet,mobile,app,manage,bff,fund,bitcoin,raise
brand,digital,brings,trading,hong,work,consensus,asia,announcement,kong,asset,coindesk,come,hub
crypto,bailout,trillion,printer,million,predicted,explode,ethereum,bitcoin,boom,xrp,cominghuge,hayes,price,arthur,money,spark,flip,cause,fed,trader
crypto,suddenly,jpmorgan,shocking,giant,coinbase,tune,ethereum,bitcoin,xrp,massive,price,street,wall,made,flip,rally,exchange,changed
crypto,critic,found,warren,often,disagree,billionaire,buffett,executive,swing,amid,common,chief,musk,tesla,currency,bitcoin,elon,surprisingly,berkshire,price,ground,theyve,currencyelon,hathaway,side,true
week,crypto,near,surge,braced,per,climbing,toward,move,alltime,high,everybody,rocketed,price,alert,big,bitcoin,astonish
free,eclipsed,cryptocurrencies,rally,dustwith,godzilla,moneybitcoin,left,price,small,money,smaller,bitcoin,declaring
sudden,mystery,billionaire,wild,surge,amid,whale,sovereign,bezos,tech,speculation,happeninghuge,buying,bitcoin,identity,bid,fuel,jeff,begun,swirling,price,secret,founder,amazon,prediction,buyer,qatar,country
crypto,add,daysfueling,gold,ramp,warning,shocking,trillion,warned,surge,amid,load,dollar,every,collapsebank,issue,ethereum,bitcoin,boom,xrp,day,rival,analyst,price,u,america,huge,bank,debt
crypto,gold,suddenly,spot,prime,target,bull,wild,etf,trillion,surge,crown,ethereum,bitcoin,week,fueling,new,storeofvalue,last,price,inflow,steal,stealing,crownbitcoin,prediction,accelerated,could
trillion,bank,braced,widelyrespected,street,predicted,surprise,earthquake,analyst,headed,price,could,bitcoin,wall
crypto,suddenly,jpmorgan,giant,coinbase,tune,shock,ethereum,bitcoin,xrp,massive,price,street,wall,made,flip,rally,exchange,changed
crypto,xrp,incomingwhy,started,raised,rally,faceripping,one,analyst,target,price,closelywatched,could,getting,ethereum,bitcoin,boom
