problem,actually,solve
us,arent,many
problem,solve
developer,much,earn
aiml
scratch,building
actually,believe,anybody,future
case,apart,crypto,world,technology,real,use,currency

good,development,field,get
concerning,find,pentagon,vulnerability
slide
solana,outage,hour,live
pls,another
splitting,ecom,bridging,world,hire,new,confirmed,gamestop,legacy,use,traditional,engineer,time
devoured,get,tech,hope,tickmaster
solution,nothing,amazing,almost
dogecoin,visualized
solution,nothing,amazing,almost
usd,process,much,bitcoin,value,including,ethereum,combined
update
riot
interesting,comment,hedgies
permit,store,epic,game,adultsonly
dynamite,cast,cyko,animated,napoleon,pilot,reunites,ko
nfts,earn,explains,play,year,game,dev,veteran
service,system,voting,patent,postal,u,file
baby
store,apple,blockchaininfos,removing,app,response
first,store,epic,shit,game,look,coming,like
launching,token,new,cardano,privacy
together,strong,ape,gamestop,reply
point,community,reddit,killing
tweet,gg,deciphered,dpoing,planning,cohens,gamestop,exchange,gmee,onto
rust,steam,platform,age,game,kicking,including
digital,settlement,call,based,currency,international,putin
congress,support,technology,u,officially
utility,vitalik,buterin
convention,talk,sponsor,gaming,nft,turn,attack,developer,surprise,future
gaming,creativity,le,need
made,crazy,reddit,dude,alternative
crypto,explain,congress,watch,expert
gamestop
intraday,nfts,using,dimon,buying,repotrillions,ape,dollar,ledger,al,admits,qaeda,cool,jamie,daily,overnight
building,gamestop,stock,exchange,opinion
following,coinbase,forked,bitcoinx,btc,bx,referring,fork,bitcoin,current,continue
earn,reiterates,president,enixs,make,desire,game,square,play
ownership,tested,computershare,asset
transaction,gamestop,nftblockchain,recent
twitter,head,matt,finestone
never,lgbtqia,knew,stand,b,apparently
nft,industry,game,call,future,ea
paper,easier,money,director,said,trace,fbi,former
retweeted,gamestop,head,matt,finestone
nosql
gaming,whats,stuf,going
us,arent,many
epic,welcome,ceo,steam,game,remove,valve
crypto,sub,loopring,going,willing,look,impossible,exactly,coinbase,actually,revolutionize,finance,buying,level,corruption,transparency,never,see,hide
link,found,loopring,gamestop
popular,think,fail
b,bro,heckin
web,microsoft,head,bullish
rcs,checkmate,marketplace
hiring,job,description,new,know,gamestop,team,app,creating,look
trueconfirmed,safemoon
expensive,using,actual,havent,reason,understood
coming,ready,safemoon
disruptive,reality,revolutionary,im,version,electronic
apply,figuring,trying,realworld,solution,use,better,existing
japan,stock,exchange
word,mark,largest,wallet,exchange,become,game,best,safemoon,one,history
sell,bet,collapse,enix,nft,market,tomb,raider,big,square
dogecoin
dummy
dogecoin
papa,making,move,creating
report,game,conference,developer,frown
american,saved,credit,would,b,fee,card
reddits,explains,ceo,still,big,he
family
project,million,support,actively,invest,supporting,use,european,commission,official,ecosystem
skeptical,actually,market,exchange,stock,replacing,current
mmo,new,peon,shilling
emptied,using,package,job,npm,devs,wallet,interview
token,terra,luna,gme,shown,delisted,whole,mirrored,time
crypto,confirms,gary,gensler,sec,chief,senate,mit,u,expert,lecturer
using,actually,market,anyone,bear,still
gamestops,twitter,technical,taylor,jackson,manager,product
popular,becoming,game,ethereum
fail
bro,put
problem,dont,interesting,solve
quietly,building,platform,know,china,here
support,new,wallet,phone,samsung
gamestopnft,coming
crypto,care,nft,anyone,web,game
covid,vaccine,hospital,use,british,track
first,announced,sega,game
blind,investor
company,waltonchain,forum,outstanding,win,wtc,st,award,summit
google,division,launch
adult,nafty,industry,empire
release,safemoon
nfts,cryptocurrencies,utilise,banned,steam,platform,game,tech
granted,kwon,turn,citizenship,north,korean,expertise
convention,talk,sponsor,gaming,nft,turn,attack,developer,surprise,future
token,hour,reddit,mod,program,dumped,termination
saw,mention
successfully,two,bank,australian,used,commercial,property,deal
dressed,halloween
create,add,page,support,wallet,gamestop,hr,article,ago
twitter,popular,fun,making,become
kit,development,released,microsoft,azure,ethereum
would,yall,safemoon,come,told
investment,select
first,way,segas,game
speaks,ryan
taylor,jackson,also,gone,left,team
replace,hollywood,studio,could
satoshi,today,nakamoto,santa,monica,conference
red,becomes,partner,team,tezos,official,f,bull
possibly,user,linked,discovers,hidden,assange,reddit,zip,julian,bitcoin,file
femininininists,blade,double,ready,devs,stella,pay,deluxe,cover,edition,box,titanium,fired,special
created,tree,block,every,firm,mining,bitcoin,plant
supportblockchaingamestopcom,directly,explanation,nft
suck
pure,fungibility,fpts
magazine,marketplace,nft,informer,moving,gamestop,game
eve,online
company,word,share,surge,name,saw,added
first,crypto,word,purpose,july,isnt,gme,legitimate,likely,business,overstock,tech,happening,integrate,dividend,magic
peter,poa,vechain,enterprise,chief,ama,lu,zhou,major,anything,walmart,sunny,public,adopted,new,u,dnv,scientist,nft,ceo,china,pwc,ask,ecosystem
degree,verified,mit,official,bitcoin
scam
case,technological,bitcoin
cloud,computing
cant,banker,tell
iot,richard,bagnall
paritoken,virtual,bringing,adoption
posted,accounting,job,gme,new,manager,breaking,one,position
technology,pokemon,imagine
lounge,rsourcelessblockchain
tweet,new,reporting,safemoon,officer
thought,load,cardano,apparently
crypto,actually,lost,addressblockchain,wrong,happens,sent,getting
network,world,cardano,decentralised
whitepaper,first,chatgpts
crypto,twitter,coinvestor,exchange,musk,help,binance
goal,verified,real,provide,solve,professional,scalability,finance,redlight,fully,web,aim,team,security,world,technology,trilemma,optimization,gasless,bridge,decentralization
full,second,go,rsa,conference
make,gamedevs,tech,u,hate
freeze,tether,usdt,stablecoin,ethereum
away,wallet,stay,warning,blockchaincom
hard,today,cardano,multiasset,becomes,fork
solana,together,please,running,get,whole,wtf
solution,cardano,coinquora,year,nominated
anything,hi,marshall,hayner,proton,xpr,ask,metal,im
reddits,point,community,sunsetting,crash,reward
crappy,technology,bad,vision,future
dd,okbet
domaine,bought,jordan,ape,gamestop,head,come,time,calling
using,market,stock,game,changer,u
many,find,assume,sponsored,research,decentralised,pentagon
year
way,introduce,new,best,person
community,skepticism,chart,noncrypto
store,adult,epic,started,rating,policy,slapping,allow,game,changed,esrb
july,nft,release,flash
phoenix
banned,steam,game,valve,blockchainnft
settlement,new,exchange,u,approves,feed,faster,sec
scammed,blockchaincom
way,birth,take,deed,interesting,certificate,future
crowdfunding,platform,move,kickstarter
sustainable,economics,q
switched,competing,gamestop,game,year,imx,coming
solana,around,developer,making,reddit,change,based,sitewide,theyre,announce
company,may,taketwo,well,end,bos,betting,metaverses,warns
hint,integration,steam,blocking
useful,actually,anything
v,launch,compute,chatgpt
welcome,renec,st,event,series
verified,authentic,product,live
detail
nfts,earn,explains,play,year,game,dev,veteran
nfts,contract,yes,technology,etc,tech,smart,u,amazing,exist
nft,steam,removing,platform,game
visa,settle,usdc,payment,stablecoin,ethereum
say,people,go,future
fud
papa,wizard
twitter,starting,gamestopnft,education,going,series
microsofts,twitter,immutable,responds,director
launch,dollar,u,stablecoin,ethereum,paypal
cross,possibly,ni,due,integration,world,kuni,bot,overrun
algorand,coiner,best,meme
expose,nfts,giant,matteroffact,film,defi,scam,produced,ama,unadulterated,scheme,derivative,documentary
usd,process,much,bitcoin,value,including,ethereum,combined
llams,microsoft,evah,eew,cofounder
